File Name,Color Mode,Resolution,Mean Pixel Value,Median Pixel Value,Max Pixel Value,Min Pixel Value,Log Trace,Difference-Axis0,Difference-Axis1,Number of IMFs,RMSE,Trace
DATA/00025.jpg,Grey,"(453, 604)",104.9443664751546,87.0,255,0,,217,217,9,6.246976839624058,10.899180787196395
DATA/00026.jpg,Grey,"(417, 628)",147.80604179077122,184.0,255,0,,204,187,9,13.987338177638565,11.088659727398346
DATA/00027.jpg,Grey,"(418, 630)",123.05844155844156,134.0,255,0,,213,223,9,17.249554980218264,10.96247504642097
DATA/00028.jpg,Grey,"(412, 620)",152.37181334168494,166.0,255,0,11.135479138929584,217,187,9,23.75331847693075,
DATA/00030.jpg,Grey,"(592, 896)",110.34799182553087,98.0,255,0,11.185296015408854,255,240,10,14.131655070127456,
DATA/00032.jpg,Grey,"(375, 500)",110.537568,91.0,255,2,10.80171614159188,137,128,8,14.37643370968015,
DATA/00034.jpg,Grey,"(480, 640)",117.78104166666668,113.0,255,3,11.150562948841861,248,244,9,4.43376195556199,
DATA/00036.jpg,Grey,"(250, 580)",133.61344137931036,138.0,255,0,10.603511037035506,221,182,8,6.163014498870994,
DATA/00037.jpg,Grey,"(425, 640)",102.44877205882356,80.0,255,0,10.61758865817886,224,222,9,9.49060343303989,
DATA/00038.jpg,Grey,"(360, 480)",115.61288773148148,93.0,255,0,10.774822758608419,200,210,9,12.297663953291288,
DATA/00039.jpg,Grey,"(425, 640)",129.98042279411766,147.0,255,0,10.896072436558708,168,159,9,1.7930328096417177e-14,
DATA/00040.jpg,Grey,"(469, 750)",98.18289978678038,67.0,255,0,10.757008864157202,172,176,9,4.457585641081495,
DATA/00041.jpg,Grey,"(480, 640)",105.62118815104166,102.0,255,0,10.705668494120195,196,213,9,10.7080392317739,
DATA/00042.jpg,Grey,"(452, 640)",132.85851424225663,133.0,255,0,10.649654037071713,226,212,9,8.847655916363669,
DATA/00043.jpg,Grey,"(417, 596)",82.2545668163456,68.0,255,0,10.366340677753023,156,128,9,8.475810482879458,
DATA/00044.jpg,Grey,"(439, 659)",159.8205398529559,186.0,255,0,10.975225266531696,207,208,9,16.228878998309444,
DATA/00045.jpg,Grey,"(375, 500)",153.39999466666666,159.0,255,0,10.852884186307278,182,160,9,12.357059012059407,
DATA/00046.jpg,Grey,"(492, 786)",93.93753749560396,106.0,255,0,10.862167050902073,240,229,9,5.605046473791174,
DATA/00048.jpg,Grey,"(541, 813)",94.62296826295434,90.0,255,0,10.697520250869932,185,162,9,5.3564816406587985,
DATA/00051.jpg,Grey,"(480, 640)",140.47579427083335,152.0,255,0,11.07145486932678,238,232,9,13.971476870944958,
DATA/00052.jpg,Grey,"(424, 808)",85.8503993087988,75.0,255,0,10.558699193753037,255,255,9,4.276644213975434,
DATA/00053.jpg,Grey,"(375, 500)",151.308928,172.0,255,0,10.603659998032828,253,255,9,18.211641317905983,
DATA/00055.jpg,Grey,"(433, 620)",110.75388139760113,120.0,255,0,10.672437696511574,158,189,9,18.53700172283665,
DATA/00056.jpg,Grey,"(315, 500)",119.85022857142856,122.0,255,0,10.467550579684538,160,158,8,20.398632527275847,
DATA/00057.jpg,Grey,"(498, 1200)",84.50506024096386,74.0,255,0,10.49504487733444,181,194,10,3.0697994723379614,
DATA/00058.jpg,Grey,"(194, 260)",143.6169310071372,132.0,255,0,9.89035165314299,228,211,7,1.6866516607743362e-14,
DATA/00059.jpg,Grey,"(480, 640)",118.076611328125,133.0,255,0,10.937543542130864,166,161,9,5.0506910654601125,
DATA/00060.jpg,Grey,"(300, 400)",78.47770833333334,49.0,255,0,10.071076109728018,198,219,8,5.202500396694708,
DATA/00061.jpg,Grey,"(764, 1023)",90.17613732324085,73.0,255,12,11.374766237561015,183,186,10,5.774234338422715,
DATA/00062.jpg,Grey,"(280, 450)",166.06619047619049,195.0,255,0,10.72943773550884,196,209,8,55.36914592793618,
DATA/00065.jpg,Grey,"(361, 500)",90.76483656509696,103.0,255,0,10.129706370367266,217,216,8,4.74984723790429,
DATA/00066.jpg,Grey,"(194, 259)",118.17979540659952,110.0,255,0,9.854717388166698,217,186,7,16.846930149981127,
DATA/00067.jpg,Grey,"(480, 640)",139.16858072916668,131.0,255,0,10.960878461384738,227,174,9,11.087408901836612,
DATA/00068.jpg,Grey,"(438, 640)",143.4572310216895,150.0,255,0,11.053758902024423,168,156,8,10.98101628868822,
DATA/00069.jpg,Grey,"(533, 800)",124.14288930581614,115.0,255,0,10.961295207644394,165,174,9,1.6926554788752458e-14,
DATA/00071.jpg,Grey,"(305, 643)",98.84823700379879,90.0,255,0,10.113099969565988,254,232,8,8.744692893269892,
DATA/00073.jpg,Grey,"(240, 320)",109.54342447916666,99.0,255,0,10.222522932645903,179,155,7,11.730677137210536,
DATA/00074.jpg,Grey,"(240, 320)",113.70225260416667,93.0,255,0,10.076558117215898,185,170,7,1.4450167280791422e-14,
DATA/00075.jpg,Grey,"(286, 550)",101.29784488239036,86.0,255,0,10.645353466142934,184,200,8,15.688995537390133,
DATA/00076.jpg,Grey,"(187, 300)",178.44777183600712,198.0,255,0,10.239280987394974,183,175,6,26.17906271010675,
DATA/00078.jpg,Grey,"(480, 640)",124.96100260416668,124.0,255,0,10.915742795547708,231,231,8,5.526710273492283,
DATA/00080.jpg,Grey,"(224, 300)",78.07224702380952,57.0,255,0,9.53863641731322,167,164,7,1.0835450625338698e-14,
DATA/00081.jpg,Grey,"(301, 550)",75.7266203563878,65.0,255,0,9.958591078762153,202,216,9,8.697727992977313,
DATA/00082.jpg,Grey,"(480, 640)",116.12905598958334,110.0,255,0,10.779018787936986,191,198,9,13.027554183118227,
DATA/00083.jpg,Grey,"(225, 300)",123.40722962962965,121.0,255,1,10.180247697287353,173,176,7,10.826917645800801,
DATA/00084.jpg,Grey,"(480, 640)",104.84870442708332,83.0,255,0,11.049571676442373,203,195,9,5.954315219335999,
DATA/00085.jpg,Grey,"(480, 640)",124.50847981770832,135.0,255,0,10.892787081263537,201,206,9,8.236617268897254,
DATA/00087.jpg,Grey,"(234, 467)",79.60210655392669,57.0,255,0,9.785773264516571,228,211,8,11.661692569057731,
DATA/00090.jpg,Grey,"(225, 300)",125.11293333333332,115.0,255,0,10.446596419222267,247,254,8,24.55874038299091,
DATA/00091.jpg,Grey,"(480, 640)",91.27694986979166,94.0,255,0,10.682399500056867,198,205,9,6.508726913268611,
DATA/00092.jpg,Grey,"(338, 600)",48.319832347140036,40.0,255,0,9.101194924715383,198,201,8,5.6485481672654405,
DATA/00093.jpg,Grey,"(183, 275)",196.47890710382515,211.0,255,0,10.455618254118846,192,163,8,58.598495563792106,
DATA/00094.jpg,Grey,"(491, 786)",153.6465254997072,175.0,255,0,11.294719702685642,149,159,9,34.17485846614335,
DATA/00096.jpg,Grey,"(265, 400)",155.54249056603774,180.0,255,0,10.446247794832463,190,196,8,13.689558398782479,
DATA/00097.jpg,Grey,"(58, 78)",95.4049513704686,79.0,255,0,8.472405008626103,186,178,5,19.986835488186856,
DATA/00098.jpg,Grey,"(426, 640)",155.36968896713609,164.0,255,0,11.097788737165331,199,203,9,26.751461524426546,
DATA/00099.jpg,Grey,"(383, 510)",128.16136794143245,125.0,255,0,10.959418480244198,184,187,8,9.714194852839547,
DATA/00100.jpg,Grey,"(360, 480)",114.77386574074076,96.0,255,0,10.690466547929944,144,156,8,10.028095167901581,
DATA/00102.jpg,Grey,"(360, 480)",76.4988425925926,45.0,255,0,10.295630986527804,195,186,9,10.893425506296827,
DATA/00103.jpg,Grey,"(480, 640)",132.13193684895833,154.0,255,0,10.907202909334558,180,178,9,13.293540775119775,
DATA/00104.jpg,Grey,"(360, 480)",153.49383680555556,174.0,255,0,10.865630804592373,236,170,8,6.268996412755518,
DATA/00106.jpg,Grey,"(225, 300)",144.68057777777778,157.0,255,0,10.263990161609186,185,179,7,22.54108097164493,
DATA/00107.jpg,Grey,"(182, 276)",72.59470058926581,50.0,255,0,9.340403256274351,247,226,8,13.544065090667589,
DATA/00108.jpg,Grey,"(159, 212)",112.50756496974013,99.0,255,0,9.838575628358983,241,250,7,13.879523513512595,
DATA/00109.jpg,Grey,"(194, 259)",130.4674999004896,117.0,255,0,9.978734161910666,255,230,7,10.666968925382783,
DATA/00110.jpg,Grey,"(398, 600)",76.88387772194305,66.0,255,0,10.48088712455176,218,210,9,5.486611137200058,
DATA/00111.jpg,Grey,"(532, 800)",125.77681390977443,134.0,255,0,11.067091384711675,215,210,9,8.497241240506982,
DATA/00112.jpg,Grey,"(274, 500)",103.7816204379562,72.0,255,0,10.301726615552553,246,225,8,12.091329079501412,
DATA/00114.jpg,Grey,"(426, 640)",163.90006968896714,212.0,255,0,10.998811105904473,239,241,10,20.654027755696283,
DATA/00115.jpg,Grey,"(267, 400)",170.7894475655431,199.0,255,0,10.734612476037977,252,255,8,22.4603202628234,
DATA/00117.jpg,Grey,"(383, 753)",122.86991979861234,103.0,255,0,10.508049390799947,220,213,8,5.288802395652074,
DATA/00118.jpg,Grey,"(420, 630)",116.04157218442933,119.0,255,0,10.734634253752839,197,183,9,12.035813649528196,
DATA/00120.jpg,Grey,"(150, 200)",126.10143333333332,122.0,255,0,9.499271663828397,182,176,7,21.679948592228726,
DATA/00121.jpg,Grey,"(480, 640)",140.310419921875,145.0,255,0,11.013979003734317,199,196,10,13.58599476596596,
DATA/00122.jpg,Grey,"(200, 300)",121.80008333333332,121.0,255,0,10.052424665310498,200,187,7,13.229076472756331,
DATA/00124.jpg,Grey,"(214, 285)",141.67919331037874,174.0,255,0,10.286638883047708,201,170,8,5.208943818915689,
DATA/00126.jpg,Grey,"(533, 800)",86.54808864915572,61.0,255,0,10.680516217076775,229,201,9,3.114782728760076,
DATA/00127.jpg,Grey,"(387, 620)",107.53392931566223,105.0,255,0,10.552081829046976,172,186,9,19.26325909404262,
DATA/00128.jpg,Grey,"(329, 438)",198.37564364130964,255.0,255,0,10.918355847771275,163,149,8,18.925112103982922,
DATA/00129.jpg,Grey,"(348, 607)",158.3789836959609,181.0,255,0,10.90286865094238,255,230,9,24.03052211848333,
DATA/00131.jpg,Grey,"(720, 960)",92.39487702546295,107.0,255,0,10.825601297713073,218,227,10,8.58917568372514,
DATA/00132.jpg,Grey,"(480, 640)",108.2688671875,102.0,255,0,10.809808753372794,202,199,9,8.891044462328848,
DATA/00133.jpg,Grey,"(360, 480)",155.01130787037036,153.0,255,1,10.592626711698534,177,168,9,21.96805809339765,
DATA/00134.jpg,Grey,"(187, 270)",107.8278669043375,92.0,255,0,9.730858867713073,243,214,7,8.420677661256777,
DATA/00136.jpg,Grey,"(225, 300)",145.02771851851853,160.0,255,0,10.39781787377292,187,148,8,14.556196932269726,
DATA/00137.jpg,Grey,"(480, 640)",115.88910481770831,127.0,255,0,10.669048413605116,130,120,9,6.2390274338770455,
DATA/00139.jpg,Grey,"(535, 800)",136.1133971962617,159.0,255,0,11.241720234077242,139,154,9,14.396085486207886,
DATA/00140.jpg,Grey,"(480, 640)",63.95508463541667,47.0,231,1,9.630759771866158,177,131,8,3.5813134627444247,
DATA/00141.jpg,Grey,"(360, 480)",114.31465856481482,88.0,255,0,10.447380380006317,189,176,9,6.468006613979679,
DATA/00143.jpg,Grey,"(429, 665)",100.50089910089909,95.0,255,0,10.344737992447081,226,212,9,10.59854082200981,
DATA/00144.jpg,Grey,"(266, 355)",131.49635708990786,114.0,255,8,10.523499364732984,164,153,8,22.276054299565672,
DATA/00146.jpg,Grey,"(166, 300)",157.17680722891566,180.0,255,0,10.279317855514602,234,246,7,30.179736659292043,
DATA/00147.jpg,Grey,"(346, 787)",132.08666480598748,149.0,255,0,10.455963627557306,255,253,9,11.172653520971847,
DATA/00148.jpg,Grey,"(480, 640)",119.210771484375,93.0,255,0,10.842556871299623,182,161,9,14.691262148195214,
DATA/00149.jpg,Grey,"(179, 282)",76.8257458694877,63.0,255,0,9.500319803476646,212,200,7,15.716166179447011,
DATA/00150.jpg,Grey,"(456, 608)",110.68884175900276,114.0,255,0,10.781224548778033,197,199,10,15.453180897759257,
DATA/00151.jpg,Grey,"(182, 300)",102.99331501831502,100.0,255,0,9.905435653754145,151,153,6,12.401607113197686,
DATA/00152.jpg,Grey,"(335, 630)",110.34298981284056,125.0,255,0,10.742270693943276,126,142,9,11.01311429986892,
DATA/00153.jpg,Grey,"(480, 640)",133.1975,143.0,255,0,11.054265255184918,170,135,9,16.936934697949177,
DATA/00154.jpg,Grey,"(260, 400)",126.96218269230768,102.0,255,0,10.321967597721788,177,168,7,5.875906617810112,
DATA/00156.jpg,Grey,"(166, 250)",145.58710843373493,139.0,255,0,10.014492110579038,215,202,7,10.62927181063698,
DATA/00160.jpg,Grey,"(350, 625)",90.68197942857141,83.0,255,0,10.453889595415305,181,203,8,4.586182621613137,
DATA/00161.jpg,Grey,"(480, 640)",131.42993489583333,124.0,255,0,10.94866390211491,234,226,9,22.47009643139803,
DATA/00162.jpg,Grey,"(450, 600)",106.0968925925926,87.0,255,0,10.993412212806673,193,194,9,11.908186902559194,
DATA/00163.jpg,Grey,"(525, 700)",137.59128163265305,128.0,255,0,11.20610134699008,130,104,9,12.474948844778266,
DATA/00164.jpg,Grey,"(194, 259)",132.5016916769494,140.0,255,0,9.85314117809939,181,177,7,1.698166754117175e-14,
DATA/00165.jpg,Grey,"(221, 500)",106.56634389140272,110.0,255,0,9.68277853533738,235,211,8,15.97310471994954,
DATA/00167.jpg,Grey,"(275, 440)",102.70729752066116,102.0,255,0,10.14858827120238,255,245,8,13.212769683060891,
DATA/00168.jpg,Grey,"(480, 640)",122.17567708333333,116.0,255,0,10.681481268506193,240,242,10,11.500997435162024,
DATA/00169.jpg,Grey,"(104, 140)",175.38777472527474,245.0,255,0,9.750977193313805,252,254,6,14.423215549662265,
DATA/00170.jpg,Grey,"(480, 640)",85.10231119791666,64.0,255,0,10.45754506469412,179,163,10,5.7139381258949085,
DATA/00171.jpg,Grey,"(183, 300)",134.80497267759563,183.0,255,0,10.137016983402756,193,233,7,11.687561082707148,
DATA/00172.jpg,Grey,"(305, 500)",123.23747540983608,127.0,255,0,10.648444144272435,243,239,9,15.738311073720801,
DATA/00174.jpg,Grey,"(194, 259)",148.63710544122915,143.0,255,0,10.342709757442426,194,181,7,46.05052313654039,
DATA/00176.jpg,Grey,"(768, 1024)",127.91389719645184,134.0,255,0,11.473862339399373,173,165,10,8.944637293392349,
DATA/00177.jpg,Grey,"(326, 700)",86.53047326906223,70.0,255,0,10.374865237335008,213,248,9,21.77070882669588,
DATA/00178.jpg,Grey,"(168, 300)",169.68301587301588,249.0,255,0,10.327512686165203,251,251,6,51.87152034401304,
DATA/00179.jpg,Grey,"(480, 640)",134.63995442708332,137.0,255,0,10.97296278334936,177,198,10,17.466125667423412,
DATA/00180.jpg,Grey,"(189, 300)",90.8632451499118,81.0,255,0,9.906283639838133,192,175,7,9.20389340045829,
DATA/00183.jpg,Grey,"(150, 200)",76.48186666666666,41.0,255,0,9.563248229345673,207,206,7,7.071255102740402,
DATA/00184.jpg,Grey,"(426, 640)",130.50568515258215,114.0,255,0,10.979291701878227,248,226,8,7.921825743229376,
DATA/00185.jpg,Grey,"(480, 640)",124.63494791666666,115.0,255,0,11.039845107446496,253,253,9,7.039733852798105,
DATA/00186.jpg,Grey,"(199, 266)",154.21322779310088,149.0,255,3,10.308252415529902,166,156,7,16.478742304994668,
DATA/00189.jpg,Grey,"(480, 640)",123.53043619791669,138.0,255,0,11.02405700855628,237,247,9,10.721661681250778,
DATA/00191.jpg,Grey,"(469, 750)",107.90667803837951,110.0,255,0,10.804400652365961,216,204,9,9.509058580442996,
DATA/00192.jpg,Grey,"(225, 300)",121.4648,103.0,255,0,10.328101479483053,190,187,8,17.01770835703672,
DATA/00193.jpg,Grey,"(768, 1024)",127.27649943033856,132.0,255,0,11.638076843149149,177,171,10,7.959145841203829,
DATA/00194.jpg,Grey,"(782, 1280)",110.5574368606138,103.0,255,0,11.46246340395984,193,199,10,4.396326719878539,
DATA/00195.jpg,Grey,"(1080, 1440)",109.16295331790123,120.0,255,0,11.498948237039368,180,185,11,6.474311710101517,
DATA/00196.jpg,Grey,"(225, 300)",123.4585777777778,115.0,255,0,10.25776462387486,173,182,7,11.16674627417445,
DATA/00197.jpg,Grey,"(436, 540)",128.4597604485219,125.0,255,0,10.743998145734295,166,168,9,10.289386387346092,
DATA/00198.jpg,Grey,"(450, 600)",83.61610740740741,72.0,250,0,10.580632375618569,190,162,9,7.593984315484715,
DATA/00200.jpg,Grey,"(255, 340)",137.97391003460206,135.0,255,0,10.448917480989053,187,229,8,16.355008882100172,
DATA/00201.jpg,Grey,"(200, 400)",105.253225,110.0,255,0,9.898575508175107,255,255,8,7.673826671449054,
DATA/00202.jpg,Grey,"(1067, 1600)",127.03567654639177,149.0,255,0,11.663154178216919,179,179,11,7.040798148747066,
DATA/00203.jpg,Grey,"(640, 960)",132.65454752604165,135.0,255,0,11.32463010046458,255,255,10,14.507754558692465,
DATA/00204.jpg,Grey,"(169, 300)",95.68546351084812,73.0,255,0,9.607706101827695,183,196,7,9.169377873087193,
DATA/00205.jpg,Grey,"(426, 640)",188.433799149061,251.0,255,0,11.191879627244218,237,240,8,21.59391286046048,
DATA/00206.jpg,Grey,"(480, 640)",123.69129231770832,118.0,255,0,10.84809359539033,168,174,9,12.666452313230385,
DATA/00207.jpg,Grey,"(372, 470)",112.52181994966827,115.0,255,0,10.56004854652803,178,186,8,11.790845165936082,
DATA/00208.jpg,Grey,"(282, 376)",143.08952014486192,167.0,245,0,10.582282226871671,160,162,8,21.24913578947479,
DATA/00209.jpg,Grey,"(667, 1000)",118.31629235382307,122.0,255,0,11.100964303118362,191,183,11,13.557575481600153,
DATA/00210.jpg,Grey,"(480, 640)",113.4388671875,90.0,255,0,10.595609207424332,200,195,9,16.008738852020844,
DATA/00211.jpg,Grey,"(397, 608)",99.24981771178578,99.0,255,0,10.174735318524485,204,206,9,10.677781393103642,
DATA/00212.jpg,Grey,"(194, 259)",118.39304621263383,99.0,255,0,9.933191975242458,193,191,7,12.400065387233427,
DATA/00213.jpg,Grey,"(225, 300)",109.59125925925926,102.0,255,0,9.940253331726453,191,186,7,1.6301529634278338e-14,
DATA/00214.jpg,Grey,"(768, 1024)",97.19009272257489,79.0,255,0,11.009290592339823,236,219,10,5.8665341750472475,
DATA/00215.jpg,Grey,"(194, 259)",98.40608207618514,59.0,255,0,9.844268192876157,237,233,7,5.362940044655463,
DATA/00216.jpg,Grey,"(108, 144)",146.06494341563788,162.0,255,0,9.692210811286753,198,172,7,20.079184256384817,
DATA/00217.jpg,Grey,"(480, 640)",142.22582682291667,149.0,255,7,11.103256533163977,199,186,9,12.372269158968122,
DATA/00218.jpg,Grey,"(300, 400)",112.4584,115.0,255,0,10.482681853020043,139,134,8,6.986062503150082,
DATA/00219.jpg,Grey,"(359, 640)",94.24682712395544,93.0,255,0,10.077692928727824,211,227,9,8.154454572690419,
DATA/00220.jpg,Grey,"(360, 480)",123.49236111111112,116.0,255,0,10.634989686972537,156,154,8,8.08347794972978,
DATA/00221.jpg,Grey,"(331, 500)",140.126833836858,167.0,255,0,10.666300711329175,192,193,8,26.77128355533949,
DATA/00222.jpg,Grey,"(388, 620)",79.7868016295311,83.0,255,0,10.236381967809457,227,198,9,14.64940475204773,
DATA/00223.jpg,Grey,"(333, 500)",143.10975375375375,150.0,255,0,10.600676553922405,234,229,8,8.40832178767704,
DATA/00224.jpg,Grey,"(150, 200)",122.9209,144.0,229,0,9.888729181560585,137,155,7,21.450776127528343,
DATA/00225.jpg,Grey,"(342, 465)",173.66165503364144,224.0,255,0,10.962509726497268,221,215,8,43.993703084700755,
DATA/00226.jpg,Grey,"(194, 259)",109.53624169088087,84.0,255,0,9.757652204312585,240,228,7,14.824050671410205,
DATA/00227.jpg,Grey,"(480, 640)",103.013779296875,104.0,248,0,10.950613545737038,94,102,8,9.278715771221053,
DATA/00228.jpg,Grey,"(536, 964)",137.52334799033878,156.0,255,0,11.114445901035776,192,178,9,14.485635631195581,
DATA/00229.jpg,Grey,"(194, 259)",62.02093699000915,33.0,255,0,9.565213693968287,244,224,7,15.237049490019029,
DATA/00231.jpg,Grey,"(480, 640)",163.5993359375,161.0,255,0,11.170660482748156,148,160,9,15.78276609003706,
DATA/00232.jpg,Grey,"(444, 600)",116.74274024024021,142.0,255,0,10.95907055128778,188,243,9,10.520098760738538,
DATA/00233.jpg,Grey,"(1067, 1600)",140.4958118556701,149.0,230,0,11.677269727533519,135,144,10,7.34379044061136,
DATA/00234.jpg,Grey,"(1000, 1504)",111.6329069148936,137.0,255,0,11.460326054826837,192,185,11,8.408730751373906,
DATA/00235.jpg,Grey,"(480, 640)",164.85052083333332,170.0,255,0,11.305950494817605,195,165,9,18.257088972569075,
DATA/00236.jpg,Grey,"(450, 600)",138.9262925925926,142.0,255,0,10.918065845594228,205,213,9,7.735666333173889,
DATA/00237.jpg,Grey,"(300, 400)",112.83406666666669,107.0,255,0,10.149214175850595,159,147,7,9.497003220414635,
DATA/00238.jpg,Grey,"(399, 600)",98.74836675020886,94.0,255,0,10.354849755031298,158,157,8,10.276259758133452,
DATA/00239.jpg,Grey,"(194, 259)",127.82788679695896,130.0,255,0,10.08476689975164,208,215,7,12.725242301953347,
DATA/00240.jpg,Grey,"(225, 300)",135.12995555555554,158.0,255,0,10.227417172661774,171,184,7,1.6977291389753245e-14,
DATA/00241.jpg,Grey,"(768, 1024)",102.80807240804035,78.0,255,0,11.347047960592208,255,255,11,7.326243263141664,
DATA/00242.jpg,Grey,"(210, 280)",123.81603741496599,132.0,255,0,9.926764529440618,130,138,7,19.334505719985835,
DATA/00243.jpg,Grey,"(469, 750)",137.14130490405114,136.0,255,0,10.794911656680156,255,255,9,8.294884417113025,
DATA/00244.jpg,Grey,"(360, 480)",34.902760416666666,19.0,255,0,9.09750756370184,186,197,9,2.2991864349941884,
DATA/00245.jpg,Grey,"(283, 556)",140.5438327783003,115.0,255,0,10.659327802434495,144,135,8,9.203285621492046,
DATA/00246.jpg,Grey,"(1024, 1280)",96.04690246582031,96.0,255,0,11.59384163721634,195,184,10,6.2452081765079335,
DATA/00247.jpg,Grey,"(540, 900)",100.60312551440329,92.0,255,0,10.896794879558817,195,175,10,6.172079992775968,
DATA/00248.jpg,Grey,"(445, 595)",106.241650457936,97.0,255,4,10.842810983520856,150,118,9,12.049394866380249,
DATA/00249.jpg,Grey,"(480, 640)",100.18153645833333,102.0,255,0,10.911938052328882,252,222,9,12.682863002591262,
DATA/00250.jpg,Grey,"(194, 259)",130.80989531504994,138.0,255,0,10.032408332602968,195,210,8,10.95140628418468,
DATA/00252.jpg,Grey,"(183, 275)",93.14307004470942,85.0,255,0,9.633972784039797,238,187,7,14.355289892523404,
DATA/00253.jpg,Grey,"(480, 640)",143.731181640625,157.0,255,0,11.09948362717625,131,145,9,15.867463453694253,
DATA/00254.jpg,Grey,"(161, 300)",139.36857142857144,157.0,255,0,10.119687049615907,238,224,6,12.578037912980347,
DATA/00255.jpg,Grey,"(422, 791)",126.05020341399992,116.0,255,0,10.876045189863586,121,136,9,10.975288082106564,
DATA/00256.jpg,Grey,"(603, 986)",81.20227631282398,78.0,255,0,10.648989963430001,203,221,9,4.032096905410915,
DATA/00257.jpg,Grey,"(480, 640)",225.4532942708333,255.0,255,0,11.598699409989955,233,246,7,30.03306080211296,
DATA/00258.jpg,Grey,"(194, 259)",119.33240456951798,135.0,255,0,10.016414371391338,255,255,7,12.968737785696465,
DATA/00260.jpg,Grey,"(518, 720)",96.2975707850708,68.0,255,0,10.68720643128046,217,233,10,9.493408691173004,
DATA/00261.jpg,Grey,"(269, 400)",90.76776951672865,91.0,255,0,10.329637251837124,180,195,8,6.6649909618268826,
DATA/00262.jpg,Grey,"(391, 587)",104.98406653973343,73.0,255,0,10.745184040199312,224,225,9,11.742795332830925,
DATA/00263.jpg,Grey,"(740, 1111)",46.69473933879876,22.0,255,0,10.377732176039117,216,230,10,4.525624068419129,
DATA/00264.jpg,Grey,"(375, 500)",101.44792,90.0,255,0,10.692490218739595,184,167,9,10.937033694488651,
DATA/00265.jpg,Grey,"(266, 400)",119.40441729323307,131.0,255,0,10.40432344467275,198,196,8,8.634081679967954,
DATA/00266.jpg,Grey,"(600, 800)",194.6169270833333,253.0,255,0,11.61094107271093,200,198,9,44.820511640577536,
DATA/00267.jpg,Grey,"(425, 640)",112.32074632352942,122.0,255,0,10.728715073453284,226,191,9,11.122364091542423,
DATA/00268.jpg,Grey,"(426, 640)",127.09556191314554,142.0,255,0,10.538952652754988,179,146,9,14.526079369218024,
DATA/00269.jpg,Grey,"(480, 640)",144.84280598958333,146.0,254,7,11.245490365522897,167,182,9,6.542944450704124,
DATA/00270.jpg,Grey,"(224, 375)",136.57957142857143,144.0,255,0,10.314570186095,214,225,8,27.94562712983164,
DATA/00271.jpg,Grey,"(108, 144)",101.22691615226336,110.0,255,0,9.366745651140318,207,195,7,16.72728544669918,
DATA/00272.jpg,Grey,"(331, 600)",126.8267270896274,113.0,255,0,10.580149596836213,187,189,8,13.286661774528744,
DATA/00273.jpg,Grey,"(360, 480)",92.28710648148147,85.0,255,0,10.380156419650623,159,137,8,1.3474665279620814e-14,
DATA/00274.jpg,Grey,"(334, 500)",122.15385628742516,134.0,255,0,10.48768444858769,168,174,8,6.942955185980947,
DATA/00275.jpg,Grey,"(375, 600)",78.61744888888889,84.0,255,0,10.368510046500305,171,162,9,12.052563177656967,
DATA/00276.jpg,Grey,"(480, 640)",85.819423828125,73.0,255,0,10.771553960123265,139,158,9,6.673688138329817,
DATA/00277.jpg,Grey,"(768, 1024)",98.0272153218587,51.0,255,0,11.15252932022964,199,196,10,7.473211260891395,
DATA/00278.jpg,Grey,"(194, 259)",120.59612705488995,130.0,255,0,10.093239766820613,246,244,8,20.322167060147933,
DATA/00279.jpg,Grey,"(352, 576)",152.35060566603536,169.0,255,0,10.85778672459599,185,198,8,20.602504508903962,
DATA/00280.jpg,Grey,"(189, 267)",105.97576442145728,104.0,255,0,9.687505794249539,255,232,7,17.671748330711118,
DATA/00281.jpg,Grey,"(390, 587)",83.98452802166601,27.0,255,0,10.019669306825538,245,244,10,16.051290312764877,
DATA/00282.jpg,Grey,"(360, 480)",102.51277777777777,77.0,255,0,10.589836678595072,163,129,8,6.949955700740781,
DATA/00283.jpg,Grey,"(492, 786)",147.24838122427025,156.0,255,0,11.082603980863198,249,248,10,7.886120280547176,
DATA/00284.jpg,Grey,"(768, 1024)",107.39517466227215,71.0,255,0,10.850074678641636,252,255,11,11.235615125897588,
DATA/00285.jpg,Grey,"(305, 640)",107.38444159836064,107.0,255,0,10.468460394372565,221,244,8,11.180790264391637,
DATA/00286.jpg,Grey,"(768, 1024)",104.3847592671712,99.0,255,0,11.1183112721663,181,190,11,9.513951452295396,
DATA/00287.jpg,Grey,"(960, 1280)",146.60453857421874,125.0,255,3,11.836247327485626,130,120,11,16.032175872107587,
DATA/00288.jpg,Grey,"(156, 300)",99.97429487179487,83.0,255,0,9.642057851228412,218,210,7,15.061394958836141,
DATA/00289.jpg,Grey,"(533, 800)",139.35615384615386,112.0,255,0,11.348663841392241,168,184,10,20.474798764879672,
DATA/00290.jpg,Grey,"(532, 800)",82.86599154135338,48.0,255,0,11.028758000516222,233,202,10,6.805646359305568,
DATA/00291.jpg,Grey,"(600, 600)",62.924925,50.0,255,0,10.503696737436805,246,241,9,4.697203250499825,
DATA/00292.jpg,Grey,"(300, 960)",86.34636111111111,82.0,255,0,10.063861683597258,234,247,8,6.449736847040577,
DATA/00293.jpg,Grey,"(441, 1000)",100.40216326530613,84.0,253,0,10.827190744125735,169,160,9,6.302597522305479,
DATA/00294.jpg,Grey,"(480, 640)",122.81306966145831,104.0,255,0,10.894310452294556,245,241,9,11.970288440607519,
DATA/00295.jpg,Grey,"(480, 640)",123.98274088541666,122.0,255,0,11.040246259560735,187,206,9,8.538363685841091,
DATA/00296.jpg,Grey,"(480, 640)",102.95044596354168,99.0,255,0,10.824964811097583,179,201,8,6.688098087182474,
DATA/00297.jpg,Grey,"(480, 640)",115.25855794270834,99.0,255,0,10.890609465170872,175,166,9,12.000475962058019,
DATA/00298.jpg,Grey,"(271, 409)",118.56487337489513,104.0,255,0,10.291399501396704,144,177,8,16.874701458126918,
DATA/00299.jpg,Grey,"(768, 1024)",113.48146438598631,118.0,255,0,11.513845042029615,168,185,11,13.115061971538179,
DATA/00300.jpg,Grey,"(768, 1024)",106.94212595621744,93.0,255,0,11.576041099284305,209,213,11,14.053020160477073,
DATA/00301.jpg,Grey,"(241, 300)",212.72876901798062,255.0,255,0,10.794870648704098,215,213,7,36.77032061273372,
DATA/00302.jpg,Grey,"(189, 300)",87.08597883597885,82.0,255,0,9.647304147143716,198,214,8,12.85050605048367,
DATA/00303.jpg,Grey,"(225, 300)",148.14663703703704,161.0,255,0,10.453601194882646,228,222,7,16.16955422853293,
DATA/00304.jpg,Grey,"(191, 264)",94.95502141837221,84.0,255,0,10.076431947517486,254,243,7,17.03349840816688,
DATA/00305.jpg,Grey,"(134, 200)",112.36634328358208,102.0,255,0,9.151227107483676,192,190,7,14.665115487652187,
DATA/00306.jpg,Grey,"(480, 640)",117.33014322916668,115.0,255,0,11.016101360840054,184,159,9,18.498712885528764,
DATA/00308.jpg,Grey,"(480, 800)",123.48666927083332,136.0,255,0,10.971640633719533,176,177,9,11.859781868457663,
DATA/00309.jpg,Grey,"(480, 640)",100.83640625,91.0,255,0,10.725775249919165,212,243,9,11.04813835407135,
DATA/00310.jpg,Grey,"(360, 424)",141.2593356918239,141.0,255,0,10.760643801784761,245,206,9,15.55186173379726,
DATA/00311.jpg,Grey,"(280, 280)",97.04399234693878,85.0,255,2,10.29529312585833,177,175,8,19.188115889214114,
DATA/00312.jpg,Grey,"(480, 640)",105.53542643229169,92.0,255,0,10.952822058168046,181,182,9,10.3898369807201,
DATA/00313.jpg,Grey,"(334, 500)",121.30942514970059,121.0,255,0,10.440507100384592,186,180,9,15.646495849669941,
DATA/00314.jpg,Grey,"(480, 640)",126.25634114583332,108.0,255,0,10.731624436867817,172,137,9,8.068511503601227,
DATA/00316.jpg,Grey,"(210, 292)",103.15724070450098,99.0,255,0,10.141204395699798,176,172,8,12.801749189137588,
DATA/00317.jpg,Grey,"(224, 300)",94.34587797619048,81.0,242,0,9.96415923206886,182,140,8,28.652443279093163,
DATA/00318.jpg,Grey,"(416, 625)",102.80915,93.0,255,0,10.529372506036905,191,189,9,15.279483872196467,
DATA/00319.jpg,Grey,"(431, 575)",110.3697286391607,103.0,255,0,10.68290416824825,243,254,9,24.360874235534677,
DATA/00320.jpg,Grey,"(300, 514)",139.74800259403372,144.0,255,0,10.713973225513307,255,255,9,32.46243891899978,
DATA/00321.jpg,Grey,"(480, 640)",142.98051432291666,127.0,255,19,11.169491048522355,136,113,9,15.71900648157138,
DATA/00322.jpg,Grey,"(768, 1024)",144.75214004516602,149.0,255,0,11.618419971650857,157,146,10,3.9314022904311767,
DATA/00323.jpg,Grey,"(536, 800)",96.60180970149254,102.0,255,0,10.921142826790764,168,160,9,9.297267167938756,
DATA/00324.jpg,Grey,"(131, 210)",147.7538713195202,174.0,255,0,9.76663636978693,184,183,6,1.5851831386527677e-14,
DATA/00325.jpg,Grey,"(200, 300)",130.55103333333332,146.0,255,0,10.00581848363359,207,186,8,19.1540110751427,
DATA/00326.jpg,Grey,"(261, 450)",96.60459770114943,85.0,255,0,9.935276875025535,196,201,8,10.303549988735067,
DATA/00327.jpg,Grey,"(366, 550)",133.28793840039742,133.0,255,0,10.683706524927356,255,255,8,1.764623585330852e-14,
DATA/00328.jpg,Grey,"(199, 300)",144.8913902847571,135.0,255,24,10.350062613700509,123,141,7,13.505670030810258,
DATA/00329.jpg,Grey,"(500, 700)",122.29445142857143,112.0,255,0,10.99842643583793,169,149,9,12.680958398133818,
DATA/00330.jpg,Grey,"(333, 500)",176.09173573573574,185.0,255,0,10.902279505922026,233,243,9,17.44035043195675,
DATA/00331.jpg,Grey,"(480, 640)",114.7037890625,110.0,255,0,10.980535663288396,254,247,10,13.013614239194728,
DATA/00332.jpg,Grey,"(396, 660)",187.01303183348637,232.0,255,0,11.13509984266548,255,253,10,21.660692320281477,
DATA/00333.jpg,Grey,"(354, 500)",151.03610734463277,176.0,255,0,10.9334640488141,201,194,9,19.99980012615233,
DATA/00334.jpg,Grey,"(900, 1440)",119.2970038580247,100.0,255,0,11.252209840748263,193,204,10,1.124051077249651,
DATA/00335.jpg,Grey,"(194, 259)",118.28207220475262,120.0,255,0,9.697078200213083,186,167,7,18.67662463343542,
DATA/00336.jpg,Grey,"(1080, 1920)",148.15076630015432,171.0,255,0,12.054499474404887,216,230,11,9.15827789515757,
DATA/00337.jpg,Grey,"(368, 550)",159.69973320158104,206.0,255,0,10.91879069340793,223,207,9,30.554988127489825,
DATA/00338.jpg,Grey,"(360, 480)",143.72008680555555,163.0,255,3,10.683683609382596,190,185,9,16.259982461881407,
DATA/00339.jpg,Grey,"(183, 276)",108.87792032945276,67.0,255,0,9.931880627037346,210,232,8,23.588645697320406,
DATA/00340.jpg,Grey,"(406, 600)",36.66106321839081,12.0,255,0,9.485013189834323,255,255,9,13.509218581135238,
DATA/00341.jpg,Grey,"(768, 1024)",106.45257186889648,84.0,255,12,11.135347860348954,234,208,11,7.899890058165766,
DATA/00342.jpg,Grey,"(473, 630)",132.4173059498641,131.0,255,0,11.047248462361992,196,188,9,13.367007151374143,
DATA/00343.jpg,Grey,"(600, 800)",129.3285625,108.0,255,13,10.91561559798246,180,174,9,9.327015517380165,
DATA/00344.jpg,Grey,"(537, 800)",126.67914804469274,131.0,255,0,11.014110753870373,198,194,9,12.312913688263901,
DATA/00345.jpg,Grey,"(194, 259)",130.81317915853998,91.0,255,0,9.856186279418115,221,222,8,43.64515085834511,
