Unnamed: 0,File Name,IMF Spot,Interpolation Method,Mean Frequency,Variance Frequency,Rows,Cols,Channels
,zebra.jpg,IMF 1,Lanczos4,3858.550541344561,5477346.056923056,183,276,2
,zebra.jpg,IMF 2,Lanczos4,2860.321062853064,13544757.266223324,183,276,2
,zebra.jpg,IMF 3,Lanczos4,2454.854369474801,18885187.55718401,183,276,2
,zebra.jpg,IMF 4,Bicubic,2668.2751948456007,42705433.019058265,183,276,2
,zebra.jpg,IMF 5,Lanczos4,3158.0642150859026,278798023.20921755,183,276,2
,zebra.jpg,IMF 6,Bicubic,2471.510909638658,591361908.800809,183,276,2
,zebra.jpg,IMF 7,Bilinear,716.4025543568979,33983663.56613406,183,276,2
,zebra.jpg,IMF 8,Gaussian,2.8762149234462446e-12,2.2856030438190007e-24,183,276,2
,zebra.jpeg,IMF 1,Lanczos4,4081.1282910717323,15465679.738014685,200,253,2
,zebra.jpeg,IMF 2,Lanczos4,5799.57700228935,92861212.12561916,200,253,2
,zebra.jpeg,IMF 3,Lanczos4,4766.1171868543015,95371847.37812977,200,253,2
,zebra.jpeg,IMF 4,Bicubic,4854.061589875946,129191595.73278324,200,253,2
,zebra.jpeg,IMF 5,Lanczos4,3539.654090530381,311016564.8100744,200,253,2
,zebra.jpeg,IMF 6,Bicubic,2702.167785420288,442610459.86923605,200,253,2
,zebra.jpeg,IMF 7,Bicubic,1151.0732475063342,68493136.96155663,200,253,2
,zebra.jpeg,IMF 8,Gaussian,2.9871942063685487e-12,2.458460832467328e-24,200,253,2
,watermark_no_copy.png,IMF 1,Bilinear,266064.7400791511,6511360910540.574,1280,1277,2
,watermark_no_copy.png,IMF 2,Bilinear,216308.79651644774,5090380711523.563,1280,1277,2
,watermark_no_copy.png,IMF 3,Bilinear,84521.34152883795,429407079181.8555,1280,1277,2
,watermark_no_copy.png,IMF 4,Bicubic,172181.54393018302,1595404056482.8408,1280,1277,2
,watermark_no_copy.png,IMF 5,Bicubic,24089.423417894486,51719074552.002975,1280,1277,2
,watermark_no_copy.png,IMF 6,Bilinear,5072.336623991584,6777721743.612217,1280,1277,2
,watermark_no_copy.png,IMF 7,Gaussian,4.1746943113829924e-11,4.77934891124259e-22,1280,1277,2
,uspassport.jpg,IMF 1,Lanczos4,14879.053170947269,1653914790.8310099,977,1372,2
,uspassport.jpg,IMF 2,Lanczos4,7634.482898394462,158786856.85637537,977,1372,2
,uspassport.jpg,IMF 3,Lanczos4,5747.557872173118,188437545.27030388,977,1372,2
,uspassport.jpg,IMF 4,Bicubic,4936.884729054128,186070444.12367973,977,1372,2
,uspassport.jpg,IMF 5,Bicubic,4348.812765235129,225464417.955218,977,1372,2
,uspassport.jpg,IMF 6,Bicubic,3954.4469110741193,315149732.69292116,977,1372,2
,uspassport.jpg,IMF 7,Bicubic,5704.526848196444,9161155201.933044,977,1372,2
,uspassport.jpg,IMF 8,Bilinear,6167.666403559848,33488189661.119343,977,1372,2
,uspassport.jpg,IMF 9,Bicubic,4381.345912966169,11533043349.808876,977,1372,2
,uspassport.jpg,IMF 10,Gaussian,610.098108077639,162369113.31874886,977,1372,2
,uspassport.jpg,IMF 11,Gaussian,2.330084980020595e-11,1.4869961553662663e-22,977,1372,2
,traffic.jpg,IMF 1,Bicubic,9385.037170415426,883064818.3990929,480,640,2
,traffic.jpg,IMF 2,Bicubic,10152.409389456216,1195646881.7406592,480,640,2
,traffic.jpg,IMF 3,Bicubic,5153.824188425499,229774181.18372905,480,640,2
,traffic.jpg,IMF 4,Bicubic,7386.756026040747,738954747.0454558,480,640,2
,traffic.jpg,IMF 5,Bicubic,3501.015053098426,135714092.96923822,480,640,2
,traffic.jpg,IMF 6,Bicubic,4545.721636074971,418512827.8453655,480,640,2
,traffic.jpg,IMF 7,Bicubic,6349.638528307852,3557492237.883832,480,640,2
,traffic.jpg,IMF 8,Bicubic,4615.129776235869,4604080590.094254,480,640,2
,traffic.jpg,IMF 9,Bicubic,2154.863598958444,853575815.2269223,480,640,2
,traffic.jpg,IMF 10,Bilinear,289.70988375920916,33105347.32504871,480,640,2
,traffic.jpg,IMF 11,Gaussian,1.018564767108355e-11,2.853089856612271e-23,480,640,2
,tiger.JPG,IMF 1,Lanczos4,4249.682307563936,15890158.553204115,300,415,2
,tiger.JPG,IMF 2,Lanczos4,4375.9355327062185,48194020.09236144,300,415,2
,tiger.JPG,IMF 3,Bicubic,3957.401084801034,71130409.69380622,300,415,2
,tiger.JPG,IMF 4,Bicubic,3559.767804558412,101796846.079356,300,415,2
,tiger.JPG,IMF 5,Bicubic,3829.046535645803,336913782.66530955,300,415,2
,tiger.JPG,IMF 6,Bilinear,3368.785939812017,1340487815.975706,300,415,2
,tiger.JPG,IMF 7,Bicubic,1263.9798888015598,130433162.28629254,300,415,2
,tiger.JPG,IMF 8,Gaussian,4.119067359739808e-12,4.5983304757422365e-24,300,415,2
,sudoku.jpg,IMF 1,Lanczos4,4475.441409853545,19332168.668956045,1024,962,2
,sudoku.jpg,IMF 2,Lanczos4,5050.807840486195,71762880.04868667,1024,962,2
,sudoku.jpg,IMF 3,Lanczos4,5552.937415027004,120286748.90026855,1024,962,2
,sudoku.jpg,IMF 4,Lanczos4,5922.0883491325,178257637.9888487,1024,962,2
,sudoku.jpg,IMF 5,Bicubic,5291.823878679731,234202255.09083137,1024,962,2
,sudoku.jpg,IMF 6,Bicubic,5090.67625564654,303729339.6735464,1024,962,2
,sudoku.jpg,IMF 7,Bicubic,5149.59317627567,531144065.14603,1024,962,2
,sudoku.jpg,IMF 8,Bicubic,5338.8066495183475,2554360236.53696,1024,962,2
,sudoku.jpg,IMF 9,Lanczos4,5372.243065818863,8500195569.418265,1024,962,2
,sudoku.jpg,IMF 10,Bilinear,4276.71276142267,16826628215.95781,1024,962,2
,sudoku.jpg,IMF 11,Bicubic,2340.709599165943,3773399967.5371475,1024,962,2
,sudoku.jpg,IMF 12,Gaussian,348.13433511044053,102845441.05646196,1024,962,2
,sudoku.jpg,IMF 13,Gaussian,2.1561987280004878e-11,1.2699125139020384e-22,1024,962,2
,solvay_conference.jpg,IMF 1,Lanczos4,6099.898478511962,38207084.286491215,806,1600,2
,solvay_conference.jpg,IMF 2,Lanczos4,6850.267898691057,139078120.38284174,806,1600,2
,solvay_conference.jpg,IMF 3,Bicubic,8147.057428902186,389964475.5165158,806,1600,2
,solvay_conference.jpg,IMF 4,Bicubic,9846.83708065639,996889394.3481096,806,1600,2
,solvay_conference.jpg,IMF 5,Bicubic,10980.217375284421,1448575024.325467,806,1600,2
,solvay_conference.jpg,IMF 6,Bicubic,9064.230218098091,1515589778.3616376,806,1600,2
,solvay_conference.jpg,IMF 7,Bicubic,9789.359944197584,4973529574.209009,806,1600,2
,solvay_conference.jpg,IMF 8,Bicubic,7262.095868877245,5632082662.003278,806,1600,2
,solvay_conference.jpg,IMF 9,Bicubic,3024.9690117232362,719714353.4495218,806,1600,2
,solvay_conference.jpg,IMF 10,Gaussian,221.1395327438139,4956940.7152169235,806,1600,2
,solvay_conference.jpg,IMF 11,Gaussian,1.3235089171285086e-11,4.7899501560220974e-23,806,1600,2
,soduku.jpg,IMF 1,Lanczos4,6988.3164144476295,40780096.37780708,576,768,2
,soduku.jpg,IMF 2,Lanczos4,6729.914695501826,96051447.52315928,576,768,2
,soduku.jpg,IMF 3,Lanczos4,5971.577647016653,135863669.2552872,576,768,2
,soduku.jpg,IMF 4,Lanczos4,4901.579000675543,123106188.10909298,576,768,2
,soduku.jpg,IMF 5,Lanczos4,4367.562954655965,138826414.63690174,576,768,2
,soduku.jpg,IMF 6,Bicubic,3825.796248119389,158334986.96856347,576,768,2
,soduku.jpg,IMF 7,Bicubic,3398.937997952688,320094609.1005208,576,768,2
,soduku.jpg,IMF 8,Lanczos4,3677.6900117660607,3026031120.902939,576,768,2
,soduku.jpg,IMF 9,Lanczos4,2833.1574435465614,2557941245.898493,576,768,2
,soduku.jpg,IMF 10,Bilinear,854.978996251094,151327973.64576668,576,768,2
,soduku.jpg,IMF 11,Gaussian,9.831868232955552e-12,2.649293453826318e-23,576,768,2
,ship.JPG,IMF 1,Bicubic,18818.7794468842,3027215523.3843107,615,952,2
,ship.JPG,IMF 2,Lanczos4,23008.90119095223,5177405412.325164,615,952,2
,ship.JPG,IMF 3,Lanczos4,14168.531336011001,1938883556.8556075,615,952,2
,ship.JPG,IMF 4,Bicubic,10232.22879326112,1190826920.073707,615,952,2
,ship.JPG,IMF 5,Bicubic,12552.600235217267,2141078620.2135801,615,952,2
,ship.JPG,IMF 6,Bicubic,8961.200696277807,1512005423.4252336,615,952,2
,ship.JPG,IMF 7,Bicubic,7781.950627124387,6394118021.60885,615,952,2
,ship.JPG,IMF 8,Lanczos4,6573.165582523427,7702472561.569755,615,952,2
,ship.JPG,IMF 9,Bicubic,3737.444435542485,1633009973.1691756,615,952,2
,ship.JPG,IMF 10,Gaussian,459.3576675210092,33791720.4480955,615,952,2
,ship.JPG,IMF 11,Gaussian,1.4883279725597247e-11,6.057531682531654e-23,615,952,2
,sammy_face.jpg,IMF 1,Lanczos4,3654.6551127155562,4698761.5103210285,375,486,2
,sammy_face.jpg,IMF 2,Lanczos4,3122.9070137566523,15844436.492389925,375,486,2
,sammy_face.jpg,IMF 3,Lanczos4,3303.713298279259,42455749.50792891,375,486,2
,sammy_face.jpg,IMF 4,Bicubic,3457.185211806701,81555640.42688471,375,486,2
,sammy_face.jpg,IMF 5,Bicubic,3914.7731899868268,172313081.63800207,375,486,2
,sammy_face.jpg,IMF 6,Bicubic,4793.458748059941,678015027.2907113,375,486,2
,sammy_face.jpg,IMF 7,Bicubic,4161.441587473808,888332354.6078275,375,486,2
,sammy_face.jpg,IMF 8,Bicubic,1562.9461790343735,91615052.82278764,375,486,2
,sammy_face.jpg,IMF 9,Gaussian,4.315270850528181e-12,5.116283946073316e-24,375,486,2
,sammy.jpg,IMF 1,Lanczos4,11048.042726668069,60702132.95471184,1367,1025,2
,sammy.jpg,IMF 2,Lanczos4,10141.079842416175,195684215.10068172,1367,1025,2
,sammy.jpg,IMF 3,Lanczos4,8474.086196601193,280299505.6529744,1367,1025,2
,sammy.jpg,IMF 4,Lanczos4,7066.537639604852,348203297.6222816,1367,1025,2
,sammy.jpg,IMF 5,Bicubic,6048.265032416991,460848392.12058175,1367,1025,2
,sammy.jpg,IMF 6,Bicubic,6081.602184713892,783132007.3046278,1367,1025,2
,sammy.jpg,IMF 7,Bicubic,6566.039566086737,1729591214.7159975,1367,1025,2
,sammy.jpg,IMF 8,Bicubic,7016.391561346053,6933833623.406839,1367,1025,2
,sammy.jpg,IMF 9,Bicubic,4838.162630184972,6700269187.181142,1367,1025,2
,sammy.jpg,IMF 10,MitchelCubic,1120.5897545246385,329620419.03816104,1367,1025,2
,sammy.jpg,IMF 11,Gaussian,1.5381613168322618e-11,6.448657925328817e-23,1367,1025,2
,room.JPG,IMF 1,Lanczos4,5752.6778200444,57251127.74295089,596,928,2
,room.JPG,IMF 2,Lanczos4,4232.777011347645,34558830.95332757,596,928,2
,room.JPG,IMF 3,Lanczos4,3883.562880429494,59755300.95292658,596,928,2
,room.JPG,IMF 4,Bicubic,4207.096090848219,145848950.10231143,596,928,2
,room.JPG,IMF 5,Bicubic,4723.598026190491,314241041.41592747,596,928,2
,room.JPG,IMF 6,Bicubic,6646.6505347783395,1207937375.8134644,596,928,2
,room.JPG,IMF 7,Bicubic,7882.251653151115,5747121364.398508,596,928,2
,room.JPG,IMF 8,Bicubic,6647.58918114972,7518982914.6213045,596,928,2
,room.JPG,IMF 9,Bicubic,2701.755153230174,1525475884.387852,596,928,2
,room.JPG,IMF 10,Gaussian,369.29743436398576,40339060.52709335,596,928,2
,room.JPG,IMF 11,Gaussian,1.3411856098907516e-11,4.916243667287197e-23,596,928,2
,road_image.jpg,IMF 1,Bicubic,3679.0267914200535,8298299.175553419,600,800,2
,road_image.jpg,IMF 2,Lanczos4,3135.2121744579963,20763475.10136178,600,800,2
,road_image.jpg,IMF 3,Bicubic,3328.8375980122737,50145058.07238789,600,800,2
,road_image.jpg,IMF 4,Bicubic,5285.195277595611,307628619.78203154,600,800,2
,road_image.jpg,IMF 5,Bicubic,7969.39318433411,1063924261.5701078,600,800,2
,road_image.jpg,IMF 6,Lanczos4,9535.798427583644,2436289144.30308,600,800,2
,road_image.jpg,IMF 7,Bicubic,8266.797783780774,4412593047.52135,600,800,2
,road_image.jpg,IMF 8,Bicubic,5623.775910231327,2714157564.344409,600,800,2
,road_image.jpg,IMF 9,Bicubic,1610.5299551623816,245812273.0293481,600,800,2
,road_image.jpg,IMF 10,Gaussian,9.1564090051039e-12,2.2987083869329066e-23,600,800,2
,rice.jpg,IMF 1,Lanczos4,2043.417007136752,2476713.6054599336,255,255,2
,rice.jpg,IMF 2,Lanczos4,2407.4444210228485,11478121.481827607,255,255,2
,rice.jpg,IMF 3,Lanczos4,2875.3822806984117,34032088.33536264,255,255,2
,rice.jpg,IMF 4,Bicubic,2684.765788481517,38910875.73359048,255,255,2
,rice.jpg,IMF 5,Bicubic,2338.101138229275,79612762.5411774,255,255,2
,rice.jpg,IMF 6,Bicubic,2348.321034890698,566216840.9069848,255,255,2
,rice.jpg,IMF 7,Bicubic,1736.1422476596426,272576268.25845605,255,255,2
,rice.jpg,IMF 8,Gaussian,357.7619158185681,10037403.56836031,255,255,2
,rice.jpg,IMF 9,Gaussian,3.099590206477e-12,2.6194554425051083e-24,255,255,2
,real_chessboard.jpg,IMF 1,Lanczos4,4960.224489545674,30057890.55422913,390,600,2
,real_chessboard.jpg,IMF 2,Lanczos4,4840.554193798173,72066052.89086105,390,600,2
,real_chessboard.jpg,IMF 3,Lanczos4,4110.940435180367,91066056.18663378,390,600,2
,real_chessboard.jpg,IMF 4,Bicubic,5533.518284170998,250703995.70090625,390,600,2
,real_chessboard.jpg,IMF 5,Bicubic,6851.437193288025,534438304.73059714,390,600,2
,real_chessboard.jpg,IMF 6,Bicubic,6156.358732271771,1379671771.606648,390,600,2
,real_chessboard.jpg,IMF 7,Bicubic,4689.835914481001,2153716893.983712,390,600,2
,real_chessboard.jpg,IMF 8,Bicubic,2203.386910984376,500954828.85253614,390,600,2
,real_chessboard.jpg,IMF 9,Gaussian,7.029489925884799e-12,1.3585447957528659e-23,390,600,2
,rachelle.JPG,IMF 1,Bicubic,1118.6831071225947,14602672.61640662,464,437,2
,rachelle.JPG,IMF 2,Bicubic,1736.3304435409298,16009032.835375387,464,437,2
,rachelle.JPG,IMF 3,Bicubic,2976.248524573392,72282773.55249447,464,437,2
,rachelle.JPG,IMF 4,Bicubic,3245.1205867693247,111824882.38909896,464,437,2
,rachelle.JPG,IMF 5,Bicubic,3190.3815925916674,328056031.49443007,464,437,2
,rachelle.JPG,IMF 6,Bicubic,2739.868716049856,1206203583.756345,464,437,2
,rachelle.JPG,IMF 7,Bicubic,1522.910310650891,312881864.98480535,464,437,2
,rachelle.JPG,IMF 8,Gaussian,215.4166306957869,3439057.109841032,464,437,2
,rachelle.JPG,IMF 9,Gaussian,4.260331386133202e-12,4.9204605194591244e-24,464,437,2
,plate.png,IMF 1,Bicubic,3683.134322096565,31274736.90283967,250,500,2
,plate.png,IMF 2,Bicubic,4137.150772922411,61043771.77317124,250,500,2
,plate.png,IMF 3,Bicubic,4338.392420085105,105881794.05979641,250,500,2
,plate.png,IMF 4,Bicubic,4655.675180595391,152565954.67062995,250,500,2
,plate.png,IMF 5,Bicubic,5097.14857443437,562993240.9011962,250,500,2
,plate.png,IMF 6,Bicubic,4642.972790776079,1573194566.6100154,250,500,2
,plate.png,IMF 7,Bicubic,2815.877635320833,511099452.05529726,250,500,2
,plate.png,IMF 8,Gaussian,520.0961670409737,13150450.168086428,250,500,2
,plate.png,IMF 9,Gaussian,5.391862929627521e-12,7.946297241203187e-24,250,500,2
,office.jpg,IMF 1,Bicubic,4291.512892899783,68181817.7279619,183,275,2
,office.jpg,IMF 2,Lanczos4,5618.52797821928,135699191.73364475,183,275,2
,office.jpg,IMF 3,Bicubic,6285.656587688158,257454669.66995475,183,275,2
,office.jpg,IMF 4,Lanczos4,6278.4936044944625,415816556.62407166,183,275,2
,office.jpg,IMF 5,Lanczos4,5169.990527136864,811936971.0063927,183,275,2
,office.jpg,IMF 6,Bicubic,3243.2475181561144,331808581.2884172,183,275,2
,office.jpg,IMF 7,Gaussian,270.2038800099326,3893778.0230150726,183,275,2
,office.jpg,IMF 8,Gaussian,3.2433789228297402e-12,2.881214147844176e-24,183,275,2
,input.jpg,IMF 1,Lanczos4,25444.95802119833,4978618075.760347,597,968,2
,input.jpg,IMF 2,Lanczos4,35779.41799233396,12122103679.227587,597,968,2
,input.jpg,IMF 3,Lanczos4,30098.92101841333,8804752012.111675,597,968,2
,input.jpg,IMF 4,Lanczos4,22424.83920756542,4791114175.318328,597,968,2
,input.jpg,IMF 5,Bicubic,22608.57824843143,5541895453.517407,597,968,2
,input.jpg,IMF 6,Bicubic,15699.731774512651,3842117642.4692717,597,968,2
,input.jpg,IMF 7,Bicubic,11773.881801617048,4499326421.373024,597,968,2
,input.jpg,IMF 8,Lanczos4,6382.105339827842,3282741634.2690578,597,968,2
,input.jpg,IMF 9,Bilinear,1584.379470070173,179927994.16556418,597,968,2
,input.jpg,IMF 10,Gaussian,1.2245903615129856e-11,4.107397239298228e-23,597,968,2
,image_08189.jpg,IMF 1,Bicubic,13644.91356672225,1528891278.648195,500,667,2
,image_08189.jpg,IMF 2,Bicubic,21019.304664596068,3870345182.089064,500,667,2
,image_08189.jpg,IMF 3,Bicubic,14916.78682326413,1857654232.3559551,500,667,2
,image_08189.jpg,IMF 4,Bicubic,12190.65663643228,1423488403.5428107,500,667,2
,image_08189.jpg,IMF 5,Bicubic,13336.335499595163,2239681016.4265084,500,667,2
,image_08189.jpg,IMF 6,Bicubic,8138.424898518999,2189844777.6733904,500,667,2
,image_08189.jpg,IMF 7,Bicubic,5965.2180741914135,2120786561.6423488,500,667,2
,image_08189.jpg,IMF 8,Bicubic,2599.6885687327226,338545624.471025,500,667,2
,image_08189.jpg,IMF 9,Bicubic,540.9815235455978,31384918.21925733,500,667,2
,image_08189.jpg,IMF 10,Gaussian,6.1011045324455485e-12,1.0183411572897576e-23,500,667,2
,image_08188.jpg,IMF 1,Bicubic,9168.916613864463,825447485.403013,500,702,2
,image_08188.jpg,IMF 2,Bicubic,12856.118637989824,1166264765.803885,500,702,2
,image_08188.jpg,IMF 3,Bicubic,10620.255135199304,896043742.416327,500,702,2
,image_08188.jpg,IMF 4,Bicubic,10404.466255058669,1165241687.9446151,500,702,2
,image_08188.jpg,IMF 5,Bicubic,9124.566843453691,1349980892.642402,500,702,2
,image_08188.jpg,IMF 6,Bicubic,7593.306423929843,2360232727.0445685,500,702,2
,image_08188.jpg,IMF 7,Bicubic,5603.927015169533,2199739179.6055336,500,702,2
,image_08188.jpg,IMF 8,Bicubic,2551.502565833097,466437188.37634,500,702,2
,image_08188.jpg,IMF 9,MitchelCubic,639.5087912912279,28902212.670232266,500,702,2
,image_08188.jpg,IMF 10,Gaussian,7.191994044026912e-12,1.4126199838459564e-23,500,702,2
,image_08187.jpg,IMF 1,Bicubic,5157.989828508308,155687806.12502334,500,554,2
,image_08187.jpg,IMF 2,Lanczos4,10246.231686600544,799658332.8374128,500,554,2
,image_08187.jpg,IMF 3,Bicubic,7001.885255888932,363558213.3337583,500,554,2
,image_08187.jpg,IMF 4,Bicubic,8095.523882628409,633176127.0016321,500,554,2
,image_08187.jpg,IMF 5,Bicubic,7258.336325510914,758511344.625923,500,554,2
,image_08187.jpg,IMF 6,Bicubic,8124.914258531946,3126008338.8467026,500,554,2
,image_08187.jpg,IMF 7,Bicubic,5556.058207937953,2971678990.569907,500,554,2
,image_08187.jpg,IMF 8,Bicubic,1842.2881335638235,314897587.97065365,500,554,2
,image_08187.jpg,IMF 9,Bicubic,463.3830118594992,13644597.278083464,500,554,2
,image_08187.jpg,IMF 10,Gaussian,7.41411209662094e-12,1.5145151313057032e-23,500,554,2
,image_08186.jpg,IMF 1,Bicubic,9490.103513413038,662847828.8551433,500,609,2
,image_08186.jpg,IMF 2,Bicubic,13348.02087999901,1582428566.9471798,500,609,2
,image_08186.jpg,IMF 3,Bicubic,16153.592188954919,3133626409.8473067,500,609,2
,image_08186.jpg,IMF 4,Bicubic,15217.129269541982,3019759142.7644076,500,609,2
,image_08186.jpg,IMF 5,Bicubic,12575.402034883997,2475428291.5350056,500,609,2
,image_08186.jpg,IMF 6,Bicubic,10747.072022309318,2340716076.070427,500,609,2
,image_08186.jpg,IMF 7,Bicubic,6355.124920319423,2955491241.6779857,500,609,2
,image_08186.jpg,IMF 8,Bicubic,3614.484132804975,575620627.5549897,500,609,2
,image_08186.jpg,IMF 9,Bicubic,647.1117895839633,24605565.82072684,500,609,2
,image_08186.jpg,IMF 10,Gaussian,6.371434547722806e-12,1.1003583857069287e-23,500,609,2
,image_08185.jpg,IMF 1,Bicubic,5133.394473461536,110170265.35913558,500,713,2
,image_08185.jpg,IMF 2,Bicubic,9233.637613083554,518129845.0641001,500,713,2
,image_08185.jpg,IMF 3,Bicubic,8999.484743350251,524525984.9223738,500,713,2
,image_08185.jpg,IMF 4,Bicubic,9534.91675331979,723353631.7309964,500,713,2
,image_08185.jpg,IMF 5,Bicubic,8632.14235963558,891334980.6205565,500,713,2
,image_08185.jpg,IMF 6,Bicubic,9255.999316838808,2467312324.984823,500,713,2
,image_08185.jpg,IMF 7,Lanczos4,8087.084935608671,4222103395.2396994,500,713,2
,image_08185.jpg,IMF 8,Bicubic,3959.1670945979,1295210659.7986062,500,713,2
,image_08185.jpg,IMF 9,Bilinear,1180.7063836286745,87189857.43302308,500,713,2
,image_08185.jpg,IMF 10,Gaussian,8.353726573832128e-12,1.907860314549788e-23,500,713,2
,image_08184.jpg,IMF 1,Bicubic,10672.103718206554,972894196.6468947,500,616,2
,image_08184.jpg,IMF 2,Bicubic,19689.467909395644,3615378779.201132,500,616,2
,image_08184.jpg,IMF 3,Bicubic,10472.340597809542,973172226.2633293,500,616,2
,image_08184.jpg,IMF 4,Bicubic,14354.290835896743,2082600801.9260988,500,616,2
,image_08184.jpg,IMF 5,Bicubic,8024.222324989771,800109592.0170219,500,616,2
,image_08184.jpg,IMF 6,Bicubic,7706.616242764018,1260336399.3705606,500,616,2
,image_08184.jpg,IMF 7,Bicubic,6281.653281299324,2058976351.1674016,500,616,2
,image_08184.jpg,IMF 8,Bicubic,3774.151303071665,961611168.4829297,500,616,2
,image_08184.jpg,IMF 9,Bilinear,976.9440130958877,55633383.29947517,500,616,2
,image_08184.jpg,IMF 10,Bilinear,431.29789099182153,15970988.14597608,500,616,2
,image_08184.jpg,IMF 11,Gaussian,6.1263871252613415e-12,1.0260409871442167e-23,500,616,2
,image_08183.jpg,IMF 1,Bicubic,2114.450875687678,6812011.759967687,557,500,2
,image_08183.jpg,IMF 2,Bicubic,2609.244030138389,21186779.9348212,557,500,2
,image_08183.jpg,IMF 3,Lanczos4,3042.326566842889,48405880.16218554,557,500,2
,image_08183.jpg,IMF 4,Bicubic,4379.797958328757,185169592.10474315,557,500,2
,image_08183.jpg,IMF 5,Bicubic,4447.8525095453715,252237138.40188625,557,500,2
,image_08183.jpg,IMF 6,Bicubic,5703.906659620012,579984686.6850798,557,500,2
,image_08183.jpg,IMF 7,Bilinear,6454.47067707697,2367182069.460635,557,500,2
,image_08183.jpg,IMF 8,Lanczos4,4619.547434825105,1782896563.3528671,557,500,2
,image_08183.jpg,IMF 9,Bicubic,1750.884097789154,231083536.187985,557,500,2
,image_08183.jpg,IMF 10,Gaussian,294.55297549936296,4347913.5272051385,557,500,2
,image_08183.jpg,IMF 11,Gaussian,6.289645620121419e-12,1.0783309535914613e-23,557,500,2
,image_08182.jpg,IMF 1,Bicubic,23089.0339798996,5669165146.730965,500,641,2
,image_08182.jpg,IMF 2,Bicubic,36291.44988870495,15081209818.56364,500,641,2
,image_08182.jpg,IMF 3,Bicubic,23529.30694010585,5429615560.645944,500,641,2
,image_08182.jpg,IMF 4,Bicubic,21494.26846503455,5475497892.079272,500,641,2
,image_08182.jpg,IMF 5,Bicubic,15047.512164000012,2877081692.130832,500,641,2
,image_08182.jpg,IMF 6,Lanczos4,6801.867675323944,1403105080.1728776,500,641,2
,image_08182.jpg,IMF 7,Bicubic,3939.761556232544,960476135.9741713,500,641,2
,image_08182.jpg,IMF 8,Bicubic,1535.0563189208578,141006724.85277632,500,641,2
,image_08182.jpg,IMF 9,Gaussian,4.773741744640885e-12,6.2614817077585e-24,500,641,2
,image_08181.jpg,IMF 1,Bicubic,3653.709325443673,15525037.15780793,500,667,2
,image_08181.jpg,IMF 2,Lanczos4,4075.540446960528,44544025.92950436,500,667,2
,image_08181.jpg,IMF 3,Lanczos4,4283.279261376888,90100513.10952409,500,667,2
,image_08181.jpg,IMF 4,Bicubic,4885.4875905081735,186668007.47339168,500,667,2
,image_08181.jpg,IMF 5,Bicubic,5973.663645291537,404202841.27309936,500,667,2
,image_08181.jpg,IMF 6,Bicubic,6927.881903509106,991107503.755562,500,667,2
,image_08181.jpg,IMF 7,Bilinear,6665.2882013147755,2505326827.5399733,500,667,2
,image_08181.jpg,IMF 8,Bicubic,3790.2690450536243,1268966064.8147492,500,667,2
,image_08181.jpg,IMF 9,Bicubic,1238.7472661181005,122344329.05111884,500,667,2
,image_08181.jpg,IMF 10,Gaussian,6.466251773719037e-12,1.1484971402737615e-23,500,667,2
,image_08180.jpg,IMF 1,Bicubic,3743.045451378361,29994274.00085733,500,834,2
,image_08180.jpg,IMF 2,Bicubic,6565.513349752737,268789951.90171516,500,834,2
,image_08180.jpg,IMF 3,Bicubic,5227.443152351939,171198137.9189426,500,834,2
,image_08180.jpg,IMF 4,Bicubic,9851.64250515383,1021519989.2702671,500,834,2
,image_08180.jpg,IMF 5,Bicubic,9289.678003985046,1118012196.4094458,500,834,2
,image_08180.jpg,IMF 6,Bicubic,9627.513558690627,2280650026.827705,500,834,2
,image_08180.jpg,IMF 7,Bicubic,8891.14744630504,4045030715.228682,500,834,2
,image_08180.jpg,IMF 8,Bicubic,5283.026285723492,2085037470.3702981,500,834,2
,image_08180.jpg,IMF 9,Bilinear,1357.9403820334649,165205291.69866648,500,834,2
,image_08180.jpg,IMF 10,Bicubic,212.61415323980896,9673138.534620376,500,834,2
,image_08180.jpg,IMF 11,Gaussian,8.551480989837492e-12,1.9897894620151923e-23,500,834,2
,image_08179.jpg,IMF 1,Bicubic,16679.913929272367,2930538019.409593,500,667,2
,image_08179.jpg,IMF 2,Bicubic,27614.480534544156,8529793296.916324,500,667,2
,image_08179.jpg,IMF 3,Bicubic,12243.982556129216,1271947489.4579082,500,667,2
,image_08179.jpg,IMF 4,Bicubic,14634.745348602237,1979654962.1779952,500,667,2
,image_08179.jpg,IMF 5,Bicubic,12667.781436261814,2022895530.0035763,500,667,2
,image_08179.jpg,IMF 6,Bicubic,9502.307295880135,3181019570.6116986,500,667,2
,image_08179.jpg,IMF 7,Lanczos4,5974.070705397879,2699969649.958209,500,667,2
,image_08179.jpg,IMF 8,Bicubic,2318.146526331301,356472033.08834106,500,667,2
,image_08179.jpg,IMF 9,Bilinear,1073.8698399870398,53024106.4890867,500,667,2
,image_08179.jpg,IMF 10,Gaussian,6.9274572079954055e-12,1.312950305315796e-23,500,667,2
,image_08178.jpg,IMF 1,Lanczos4,2849.470930690267,7650143.276431153,500,763,2
,image_08178.jpg,IMF 2,Lanczos4,3377.532160704292,28194745.63586754,500,763,2
,image_08178.jpg,IMF 3,Lanczos4,4078.7719328860826,76721143.11776002,500,763,2
,image_08178.jpg,IMF 4,Bicubic,5049.065894375896,202657106.37670103,500,763,2
,image_08178.jpg,IMF 5,Bicubic,6536.691117283549,530820331.28909385,500,763,2
,image_08178.jpg,IMF 6,Bicubic,7957.3475013401285,1328992554.3269274,500,763,2
,image_08178.jpg,IMF 7,Bicubic,6998.859427816885,3818630109.1995,500,763,2
,image_08178.jpg,IMF 8,Bicubic,4592.471942261074,1566711236.8246827,500,763,2
,image_08178.jpg,IMF 9,Bicubic,1191.0686091986674,94258519.73725542,500,763,2
,image_08178.jpg,IMF 10,Gaussian,7.673823259435348e-12,1.611210603672669e-23,500,763,2
,image_08177.jpg,IMF 1,Lanczos4,4611.327660209329,27110303.958750866,500,766,2
,image_08177.jpg,IMF 2,Lanczos4,4891.689766008609,58798669.90080424,500,766,2
,image_08177.jpg,IMF 3,Lanczos4,5687.717952627655,146000382.72528926,500,766,2
,image_08177.jpg,IMF 4,Bicubic,6728.2317197889415,328317504.92026323,500,766,2
,image_08177.jpg,IMF 5,Bicubic,6809.167894965973,552455130.6369824,500,766,2
,image_08177.jpg,IMF 6,Bicubic,7735.1674149411365,1371988845.9752517,500,766,2
,image_08177.jpg,IMF 7,Bilinear,6979.720793305465,4368846772.839628,500,766,2
,image_08177.jpg,IMF 8,Bicubic,3938.1108376980897,1714721843.7315526,500,766,2
,image_08177.jpg,IMF 9,Gaussian,907.4477272690344,65797872.49501904,500,766,2
,image_08177.jpg,IMF 10,Gaussian,7.9222439002153e-12,1.7206731623793382e-23,500,766,2
,image_08176.jpg,IMF 1,Bicubic,2985.980570820568,39979782.38663244,500,666,2
,image_08176.jpg,IMF 2,Bicubic,4152.522279637524,84068221.62897916,500,666,2
,image_08176.jpg,IMF 3,Bicubic,4884.857088911396,167664556.26413682,500,666,2
,image_08176.jpg,IMF 4,Bicubic,5416.3968764941355,256681374.230415,500,666,2
,image_08176.jpg,IMF 5,Bicubic,5275.173524849324,469011275.67753285,500,666,2
,image_08176.jpg,IMF 6,Bicubic,5823.64211836171,2939661573.5499463,500,666,2
,image_08176.jpg,IMF 7,Bicubic,3794.291981288467,2801135832.181245,500,666,2
,image_08176.jpg,IMF 8,Bicubic,1111.9172899257262,217461223.54694533,500,666,2
,image_08176.jpg,IMF 9,Gaussian,8.067817865736655e-12,1.7851541735246585e-23,500,666,2
,image_08175.jpg,IMF 1,Bicubic,10097.636722844616,581890666.3114387,500,621,2
,image_08175.jpg,IMF 2,Lanczos4,15471.0865895428,1671935148.4069347,500,621,2
,image_08175.jpg,IMF 3,Lanczos4,10674.1864614576,759932265.6297845,500,621,2
,image_08175.jpg,IMF 4,Bicubic,10371.847550681372,855652099.9417797,500,621,2
,image_08175.jpg,IMF 5,Bicubic,8963.023126405657,991928214.2519033,500,621,2
,image_08175.jpg,IMF 6,Bicubic,9094.772023352944,1664965637.9404905,500,621,2
,image_08175.jpg,IMF 7,Bicubic,7713.605259233912,3912570896.8297796,500,621,2
,image_08175.jpg,IMF 8,Bicubic,4045.342472689136,1408128454.342581,500,621,2
,image_08175.jpg,IMF 9,Bilinear,1098.616176278323,141570149.66236407,500,621,2
,image_08175.jpg,IMF 10,Gaussian,401.3701116589223,10275203.671417758,500,621,2
,image_08175.jpg,IMF 11,Gaussian,7.47245276923193e-12,1.52828225943176e-23,500,621,2
,image_08174.jpg,IMF 1,Bicubic,25747.39814212769,8628840388.9746,500,666,2
,image_08174.jpg,IMF 2,Bicubic,33980.524838578625,13148349454.290043,500,666,2
,image_08174.jpg,IMF 3,Bicubic,26286.30415262477,9286778266.717665,500,666,2
,image_08174.jpg,IMF 4,Bicubic,16178.979839623798,2875304809.014821,500,666,2
,image_08174.jpg,IMF 5,Bicubic,12401.588950539992,2075255928.7055168,500,666,2
,image_08174.jpg,IMF 6,Bicubic,7338.247550454743,1878286016.2344306,500,666,2
,image_08174.jpg,IMF 7,Lanczos4,5303.8721532961845,2508556074.9068604,500,666,2
,image_08174.jpg,IMF 8,Bicubic,2119.8721882647787,383161790.9582864,500,666,2
,image_08174.jpg,IMF 9,Bicubic,514.2615801441173,32507041.63901628,500,666,2
,image_08174.jpg,IMF 10,Gaussian,6.8354996931109385e-12,1.2708850762576085e-23,500,666,2
,image_08173.jpg,IMF 1,Lanczos4,2052.38309402382,5021528.166307532,501,667,2
,image_08173.jpg,IMF 2,Lanczos4,2251.723011579973,14632092.587347448,501,667,2
,image_08173.jpg,IMF 3,Bicubic,2324.6431023191917,28970995.74145491,501,667,2
,image_08173.jpg,IMF 4,Bicubic,2934.574529046642,80722744.32804391,501,667,2
,image_08173.jpg,IMF 5,Bicubic,3486.840696587388,216671723.48250145,501,667,2
,image_08173.jpg,IMF 6,Bilinear,4757.1173038131865,2864244776.602196,501,667,2
,image_08173.jpg,IMF 7,Bicubic,3312.7597121842296,2863321548.913545,501,667,2
,image_08173.jpg,IMF 8,Bicubic,914.5723100884405,166214601.91050676,501,667,2
,image_08173.jpg,IMF 9,Gaussian,7.889960182610432e-12,1.6981970072710035e-23,501,667,2
,image_08172.jpg,IMF 1,Lanczos4,3091.539895732244,9171782.407022448,500,733,2
,image_08172.jpg,IMF 2,Lanczos4,4026.68888528828,43282320.11898886,500,733,2
,image_08172.jpg,IMF 3,Bicubic,4902.225156421704,112154214.00526729,500,733,2
,image_08172.jpg,IMF 4,Bicubic,5651.390768338586,255185767.39397088,500,733,2
,image_08172.jpg,IMF 5,Bicubic,5809.085301113753,458139923.3610746,500,733,2
,image_08172.jpg,IMF 6,Bicubic,6826.223810244815,1747268203.4272428,500,733,2
,image_08172.jpg,IMF 7,Lanczos4,5976.21662085883,4782896452.240504,500,733,2
,image_08172.jpg,IMF 8,Bicubic,3536.509878187996,1173364027.108204,500,733,2
,image_08172.jpg,IMF 9,Gaussian,513.1231067709671,32053976.79165501,500,733,2
,image_08172.jpg,IMF 10,Gaussian,8.333268541823741e-12,1.8996488615312467e-23,500,733,2
,image_08171.jpg,IMF 1,Lanczos4,1933.1484551903304,4667143.806037389,500,654,2
,image_08171.jpg,IMF 2,Lanczos4,2346.1300200400683,16613566.096592486,500,654,2
,image_08171.jpg,IMF 3,Bicubic,2441.750203181614,31238721.60887082,500,654,2
,image_08171.jpg,IMF 4,Bicubic,3238.63936380544,89332588.28523129,500,654,2
,image_08171.jpg,IMF 5,Bicubic,4006.776520774949,270598859.8139459,500,654,2
,image_08171.jpg,IMF 6,Bicubic,4969.649290784911,3266628924.945878,500,654,2
,image_08171.jpg,IMF 7,Bicubic,3668.3489731639015,3027116724.4113398,500,654,2
,image_08171.jpg,IMF 8,Bicubic,1408.3946598193274,312485538.21813405,500,654,2
,image_08171.jpg,IMF 9,Gaussian,341.04231101066136,8748066.198728658,500,654,2
,image_08171.jpg,IMF 10,Gaussian,8.464152593387709e-12,1.9643703811055906e-23,500,654,2
,image_08170.jpg,IMF 1,Bicubic,21694.564699092836,5536575429.054814,500,634,2
,image_08170.jpg,IMF 2,Bicubic,27157.941202740258,9084369126.768791,500,634,2
,image_08170.jpg,IMF 3,Bicubic,18442.103411174856,3619535396.415055,500,634,2
,image_08170.jpg,IMF 4,Bicubic,18749.633005857937,4939151628.370387,500,634,2
,image_08170.jpg,IMF 5,Bicubic,11243.115633136704,1740198573.6317835,500,634,2
,image_08170.jpg,IMF 6,Bicubic,9499.947408813036,1588757573.774905,500,634,2
,image_08170.jpg,IMF 7,Bicubic,7675.770466361506,1594017220.3038375,500,634,2
,image_08170.jpg,IMF 8,Bicubic,4148.096317053004,647239123.4451307,500,634,2
,image_08170.jpg,IMF 9,Bicubic,1601.6429816737275,106756710.81147704,500,634,2
,image_08170.jpg,IMF 10,Gaussian,4.436780281988052e-12,5.360793513782893e-24,500,634,2
,image_08169.jpg,IMF 1,Bicubic,8973.579796812217,548449943.552412,500,690,2
,image_08169.jpg,IMF 2,Lanczos4,8746.868611581058,370539457.3857847,500,690,2
,image_08169.jpg,IMF 3,Lanczos4,9790.965703352613,587152324.7917013,500,690,2
,image_08169.jpg,IMF 4,Bicubic,12813.050118957608,1342773669.1340961,500,690,2
,image_08169.jpg,IMF 5,Bicubic,8264.752820550933,955453886.1507783,500,690,2
,image_08169.jpg,IMF 6,Bicubic,8290.437318566312,2213745365.021675,500,690,2
,image_08169.jpg,IMF 7,Bicubic,5876.112248714881,2899489918.1425033,500,690,2
,image_08169.jpg,IMF 8,Bicubic,2156.4193262630233,537391548.6903962,500,690,2
,image_08169.jpg,IMF 9,Gaussian,7.746164473694463e-12,1.6484100455797847e-23,500,690,2
,image_08168.jpg,IMF 1,Lanczos4,3682.5967635516295,15110749.445534965,556,500,2
,image_08168.jpg,IMF 2,Lanczos4,4345.629265978738,49012436.08360226,556,500,2
,image_08168.jpg,IMF 3,Lanczos4,4667.559931982401,101320887.14268148,556,500,2
,image_08168.jpg,IMF 4,Bicubic,4756.310929217033,173846390.67825902,556,500,2
,image_08168.jpg,IMF 5,Bicubic,4166.339188439958,250760370.4031189,556,500,2
,image_08168.jpg,IMF 6,Bicubic,4557.9504386596445,977738739.0501376,556,500,2
,image_08168.jpg,IMF 7,Bicubic,4085.694435052632,3742019683.400654,556,500,2
,image_08168.jpg,IMF 8,Bicubic,2172.7217457719444,763496537.6558807,556,500,2
,image_08168.jpg,IMF 9,Gaussian,279.1966137685822,19428656.34741072,556,500,2
,image_08168.jpg,IMF 10,Gaussian,7.551206016420515e-12,1.561782704226607e-23,556,500,2
,image_08167.jpg,IMF 1,Lanczos4,2144.989510915053,8374028.576051959,500,715,2
,image_08167.jpg,IMF 2,Lanczos4,2652.520949981997,22529839.25549028,500,715,2
,image_08167.jpg,IMF 3,Bicubic,3255.7977927493835,57885806.28112055,500,715,2
,image_08167.jpg,IMF 4,Bicubic,4570.614179115604,179699271.63590682,500,715,2
,image_08167.jpg,IMF 5,Bicubic,5299.705887779044,362035558.05185384,500,715,2
,image_08167.jpg,IMF 6,Lanczos4,7121.037612514163,1522398824.4184494,500,715,2
,image_08167.jpg,IMF 7,Lanczos4,7042.284731813768,3461823254.2089376,500,715,2
,image_08167.jpg,IMF 8,Bicubic,4406.472998263084,1339453486.8909194,500,715,2
,image_08167.jpg,IMF 9,Gaussian,651.9927197232028,40769584.51059088,500,715,2
,image_08167.jpg,IMF 10,Gaussian,7.2166624838706924e-12,1.4200068332623577e-23,500,715,2
,image_08166.jpg,IMF 1,Bicubic,2064.4330592737992,7650609.68336721,926,501,2
,image_08166.jpg,IMF 2,Bicubic,2697.4783547167185,26989363.33644036,926,501,2
,image_08166.jpg,IMF 3,Lanczos4,3521.0269411194604,66698477.79303192,926,501,2
,image_08166.jpg,IMF 4,Lanczos4,4459.7178766793895,175644419.44917992,926,501,2
,image_08166.jpg,IMF 5,Bicubic,4874.461865835188,289888623.65475684,926,501,2
,image_08166.jpg,IMF 6,Bicubic,5858.752835850711,615565704.1843402,926,501,2
,image_08166.jpg,IMF 7,Bilinear,6805.764038643501,1550561478.229023,926,501,2
,image_08166.jpg,IMF 8,Bicubic,6422.7957047680775,3450560679.900464,926,501,2
,image_08166.jpg,IMF 9,Bicubic,4549.445565202426,2455477073.390861,926,501,2
,image_08166.jpg,IMF 10,Bicubic,1441.5066213873056,455171643.7274681,926,501,2
,image_08166.jpg,IMF 11,Gaussian,8.936230204093232e-12,2.188564272069088e-23,926,501,2
,image_08165.jpg,IMF 1,Lanczos4,2812.2934463367133,17111649.683103986,500,757,2
,image_08165.jpg,IMF 2,Lanczos4,3362.919989901547,40211643.30892288,500,757,2
,image_08165.jpg,IMF 3,Bicubic,3520.3262059773283,75412277.50326085,500,757,2
,image_08165.jpg,IMF 4,Bicubic,4383.998240023705,171514649.97219762,500,757,2
,image_08165.jpg,IMF 5,Bicubic,5604.070145696469,412599038.8339138,500,757,2
,image_08165.jpg,IMF 6,Bicubic,6648.598182679704,1318443133.2951837,500,757,2
,image_08165.jpg,IMF 7,Bicubic,7429.624060704558,3586375388.619749,500,757,2
,image_08165.jpg,IMF 8,Bicubic,4366.367064512815,1240365417.1748126,500,757,2
,image_08165.jpg,IMF 9,Gaussian,852.7978052471651,81261364.36906414,500,757,2
,image_08165.jpg,IMF 10,Gaussian,6.824943237140437e-12,1.2740224273911292e-23,500,757,2
,image_08164.jpg,IMF 1,Bicubic,1993.5450739708008,7762056.17166296,500,681,2
,image_08164.jpg,IMF 2,Lanczos4,2693.75247916799,25494095.482864764,500,681,2
,image_08164.jpg,IMF 3,Bicubic,3389.1172657268767,63405052.3985261,500,681,2
,image_08164.jpg,IMF 4,Bicubic,4189.455562623643,156340752.36855412,500,681,2
,image_08164.jpg,IMF 5,Bicubic,5285.0422326221915,378273247.9809517,500,681,2
,image_08164.jpg,IMF 6,Bicubic,5828.346136455403,1036736243.5584188,500,681,2
,image_08164.jpg,IMF 7,Bicubic,5550.96509939809,2570686291.8495693,500,681,2
,image_08164.jpg,IMF 8,Bilinear,3289.061456187191,893531457.7792734,500,681,2
,image_08164.jpg,IMF 9,MitchelCubic,657.7755127803283,38805700.15949559,500,681,2
,image_08164.jpg,IMF 10,Gaussian,6.328300606984843e-12,1.0977736756613616e-23,500,681,2
,image_08163.jpg,IMF 1,Bicubic,4091.031640316941,46900724.61748169,500,762,2
,image_08163.jpg,IMF 2,Lanczos4,4953.121162486304,99289686.49643552,500,762,2
,image_08163.jpg,IMF 3,Bicubic,5358.014057426626,164855337.96112058,500,762,2
,image_08163.jpg,IMF 4,Bicubic,6014.398899469144,301822514.32857543,500,762,2
,image_08163.jpg,IMF 5,Bicubic,6944.19435606932,702483140.0575991,500,762,2
,image_08163.jpg,IMF 6,Bilinear,7291.3734231018125,1924355775.2584426,500,762,2
,image_08163.jpg,IMF 7,Bicubic,5943.565429274499,3179666818.6253805,500,762,2
,image_08163.jpg,IMF 8,Bicubic,2631.963367204352,732315397.5496272,500,762,2
,image_08163.jpg,IMF 9,Gaussian,7.585398429773563e-12,1.5698425365385858e-23,500,762,2
,image_08162.jpg,IMF 1,Bicubic,17188.388712194122,4113182127.506269,500,667,2
,image_08162.jpg,IMF 2,Bicubic,15666.061222402339,2958001906.935107,500,667,2
,image_08162.jpg,IMF 3,Bicubic,9842.825828444264,1208194389.065503,500,667,2
,image_08162.jpg,IMF 4,Bicubic,20714.050045318298,5219994488.300611,500,667,2
,image_08162.jpg,IMF 5,Bicubic,9198.575806297453,1027637892.9677713,500,667,2
,image_08162.jpg,IMF 6,Bicubic,7541.712000437747,1237610930.4763849,500,667,2
,image_08162.jpg,IMF 7,Bicubic,5758.682797340295,1475167665.9160724,500,667,2
,image_08162.jpg,IMF 8,Bicubic,3101.3756333481383,517265686.4487773,500,667,2
,image_08162.jpg,IMF 9,Gaussian,152.52439500796876,1374654.782803837,500,667,2
,image_08162.jpg,IMF 10,Gaussian,5.118740183436821e-12,7.184823993109363e-24,500,667,2
,image_08161.jpg,IMF 1,Lanczos4,2373.184433963674,5283280.417522494,583,500,2
,image_08161.jpg,IMF 2,Lanczos4,2521.0003940572205,15192532.888017256,583,500,2
,image_08161.jpg,IMF 3,Lanczos4,2690.8832637175383,32491166.45943664,583,500,2
,image_08161.jpg,IMF 4,Bicubic,2969.6497130141643,70454207.96168844,583,500,2
,image_08161.jpg,IMF 5,Bicubic,3582.2986108319305,167967365.07238218,583,500,2
,image_08161.jpg,IMF 6,Bicubic,4393.297559587986,502032002.9359232,583,500,2
,image_08161.jpg,IMF 7,Bicubic,4771.089311808375,2152469216.5460744,583,500,2
,image_08161.jpg,IMF 8,Bicubic,3049.506526447525,1131929561.7571032,583,500,2
,image_08161.jpg,IMF 9,Gaussian,409.2355682242089,21931694.549972426,583,500,2
,image_08161.jpg,IMF 10,Gaussian,6.430536888447768e-12,1.1243899527451296e-23,583,500,2
,image_08160.jpg,IMF 1,Bicubic,4938.86036041674,131129112.6559386,500,773,2
,image_08160.jpg,IMF 2,Bicubic,8411.343827779116,595654208.211009,500,773,2
,image_08160.jpg,IMF 3,Bicubic,8640.49792444597,648633040.3080661,500,773,2
,image_08160.jpg,IMF 4,Bicubic,9459.560753553349,994659673.5477092,500,773,2
,image_08160.jpg,IMF 5,Bicubic,9018.951862951792,1223679763.6418087,500,773,2
,image_08160.jpg,IMF 6,Bicubic,7937.895937193412,1995254155.6777184,500,773,2
,image_08160.jpg,IMF 7,Lanczos4,6707.990660982614,3039232393.4602666,500,773,2
,image_08160.jpg,IMF 8,Bicubic,3994.2873627627087,1381775856.938068,500,773,2
,image_08160.jpg,IMF 9,Bilinear,1191.7210285280958,145843343.48925492,500,773,2
,image_08160.jpg,IMF 10,Gaussian,7.870437548870643e-12,1.6938466291985215e-23,500,773,2
,image_08159.jpg,IMF 1,Bicubic,10412.898077854556,1192150833.003852,500,663,2
,image_08159.jpg,IMF 2,Bicubic,17456.16146447876,3486166522.067221,500,663,2
,image_08159.jpg,IMF 3,Bicubic,11916.814706449446,1677285657.3322685,500,663,2
,image_08159.jpg,IMF 4,Bicubic,12754.899987394669,1968128654.286323,500,663,2
,image_08159.jpg,IMF 5,Bicubic,8874.036280722228,995922960.5918972,500,663,2
,image_08159.jpg,IMF 6,Bicubic,6743.331046372422,1081237128.6462872,500,663,2
,image_08159.jpg,IMF 7,Bicubic,6237.286212044219,2350869901.2250485,500,663,2
,image_08159.jpg,IMF 8,Bicubic,4899.713799058292,2135986101.3022747,500,663,2
,image_08159.jpg,IMF 9,Bicubic,2216.2868245240625,454735880.4702367,500,663,2
,image_08159.jpg,IMF 10,Gaussian,791.2352659529289,41393228.08200282,500,663,2
,image_08159.jpg,IMF 11,Gaussian,7.618998691421803e-12,1.5875430886931846e-23,500,663,2
,image_08158.jpg,IMF 1,Lanczos4,2426.006171317642,5541288.847868693,500,548,2
,image_08158.jpg,IMF 2,Lanczos4,2495.053099916237,16671596.497344453,500,548,2
,image_08158.jpg,IMF 3,Lanczos4,3025.2326437564807,45096845.77406494,500,548,2
,image_08158.jpg,IMF 4,Bicubic,4054.7467330840864,120230959.99499306,500,548,2
,image_08158.jpg,IMF 5,Bicubic,5160.794912597806,280370879.97889537,500,548,2
,image_08158.jpg,IMF 6,Bicubic,6688.522159599391,706891172.4197142,500,548,2
,image_08158.jpg,IMF 7,Bilinear,7764.314252848874,3286893729.3215804,500,548,2
,image_08158.jpg,IMF 8,Bicubic,5751.22262332839,2720373905.1628857,500,548,2
,image_08158.jpg,IMF 9,Bicubic,1816.410025398952,207181191.1537331,500,548,2
,image_08158.jpg,IMF 10,Gaussian,7.568334567714111e-12,1.5633240112852498e-23,500,548,2
,image_08157.jpg,IMF 1,Lanczos4,1955.7451413314968,3983254.56631998,500,506,2
,image_08157.jpg,IMF 2,Lanczos4,2096.077923226311,11632469.857180132,500,506,2
,image_08157.jpg,IMF 3,Lanczos4,2481.8424414332826,30841606.810696084,500,506,2
,image_08157.jpg,IMF 4,Bicubic,2847.606284640769,63951586.86591517,500,506,2
,image_08157.jpg,IMF 5,Bicubic,3236.73987708487,128924453.6826966,500,506,2
,image_08157.jpg,IMF 6,Bicubic,4473.217638302563,487319139.766812,500,506,2
,image_08157.jpg,IMF 7,Bicubic,5628.563610922862,1315043376.915446,500,506,2
,image_08157.jpg,IMF 8,Bicubic,4012.159764290471,948250128.8033783,500,506,2
,image_08157.jpg,IMF 9,Bilinear,1147.3980259180275,57901854.41201706,500,506,2
,image_08157.jpg,IMF 10,Gaussian,5.044288109254158e-12,6.981284388301121e-24,500,506,2
,image_08156.jpg,IMF 1,Lanczos4,2458.130112705478,6325995.327969275,792,500,2
,image_08156.jpg,IMF 2,Lanczos4,2592.7051146363465,17845086.230122965,792,500,2
,image_08156.jpg,IMF 3,Lanczos4,2802.488071883246,40666328.28003818,792,500,2
,image_08156.jpg,IMF 4,Lanczos4,3107.583897013002,80875189.630075,792,500,2
,image_08156.jpg,IMF 5,Bicubic,3801.772494205163,192847792.60929185,792,500,2
,image_08156.jpg,IMF 6,Bicubic,5188.3240019068735,550090141.6995702,792,500,2
,image_08156.jpg,IMF 7,Bicubic,6208.980850024722,1288215739.3861413,792,500,2
,image_08156.jpg,IMF 8,Bicubic,6307.6384104549825,3990845961.948051,792,500,2
,image_08156.jpg,IMF 9,Bicubic,4007.370593115634,2099429836.6195574,792,500,2
,image_08156.jpg,IMF 10,Bicubic,1393.690753062291,143527610.8453154,792,500,2
,image_08156.jpg,IMF 11,Gaussian,501.0864735896639,15246384.513565514,792,500,2
,image_08156.jpg,IMF 12,Gaussian,8.455604480776411e-12,1.959375660159501e-23,792,500,2
,image_08155.jpg,IMF 1,Bicubic,2157.7997819716643,5557578.036632588,500,667,2
,image_08155.jpg,IMF 2,Lanczos4,3330.8378503234194,41970988.850660704,500,667,2
,image_08155.jpg,IMF 3,Bicubic,4120.2400396420935,96483244.33876131,500,667,2
,image_08155.jpg,IMF 4,Bicubic,4757.592607350608,226562548.6784635,500,667,2
,image_08155.jpg,IMF 5,Bicubic,5653.650743447963,591102192.3968077,500,667,2
,image_08155.jpg,IMF 6,Bicubic,5885.866245000756,2644399136.654784,500,667,2
,image_08155.jpg,IMF 7,Lanczos4,4499.88753466975,3111825518.713823,500,667,2
,image_08155.jpg,IMF 8,Bicubic,2001.648148847528,369186210.94817513,500,667,2
,image_08155.jpg,IMF 9,Gaussian,436.3025308515,25428441.03565852,500,667,2
,image_08155.jpg,IMF 10,Gaussian,8.229661545289094e-12,1.8546760871569764e-23,500,667,2
,image_08154.jpg,IMF 1,Lanczos4,5982.222778530631,25892878.0179473,500,762,2
,image_08154.jpg,IMF 2,Lanczos4,6372.564951344737,86915219.61278789,500,762,2
,image_08154.jpg,IMF 3,Lanczos4,6181.654810500211,162962860.57132432,500,762,2
,image_08154.jpg,IMF 4,Bicubic,6816.611163157772,348479126.05316246,500,762,2
,image_08154.jpg,IMF 5,Bicubic,6361.744117492393,496306789.19441295,500,762,2
,image_08154.jpg,IMF 6,Bicubic,6563.092824812478,1414403991.28618,500,762,2
,image_08154.jpg,IMF 7,Bicubic,4725.420237150323,3846983106.3836603,500,762,2
,image_08154.jpg,IMF 8,Bicubic,2440.371539916177,823624326.5932182,500,762,2
,image_08154.jpg,IMF 9,Bicubic,290.382425106792,9819609.869069465,500,762,2
,image_08154.jpg,IMF 10,Gaussian,8.488964696472494e-12,1.9693249238033978e-23,500,762,2
,image_08153.jpg,IMF 1,Bicubic,1704.7376814336972,7299953.412651967,500,525,2
,image_08153.jpg,IMF 2,Lanczos4,2172.7778602926574,20551445.5477109,500,525,2
,image_08153.jpg,IMF 3,Lanczos4,2589.941399458135,46728002.0273229,500,525,2
,image_08153.jpg,IMF 4,Bicubic,3743.779088028851,140148479.49133566,500,525,2
,image_08153.jpg,IMF 5,Bicubic,5421.209989529815,397770024.222417,500,525,2
,image_08153.jpg,IMF 6,Bicubic,7449.841170961276,1886420310.416962,500,525,2
,image_08153.jpg,IMF 7,Bicubic,7046.169190827193,4296648679.26262,500,525,2
,image_08153.jpg,IMF 8,Bicubic,3724.444081181704,1219755366.097754,500,525,2
,image_08153.jpg,IMF 9,Gaussian,789.0607187486464,51342475.96409755,500,525,2
,image_08153.jpg,IMF 10,Gaussian,7.36129889625416e-12,1.4730083145648364e-23,500,525,2
,image_08152.jpg,IMF 1,Lanczos4,3837.0430059441996,36547909.138235115,500,667,2
,image_08152.jpg,IMF 2,Lanczos4,8175.957639376759,567752103.949967,500,667,2
,image_08152.jpg,IMF 3,Lanczos4,4614.517457137717,107100362.99078026,500,667,2
,image_08152.jpg,IMF 4,Bicubic,5491.041622505216,227873648.87770766,500,667,2
,image_08152.jpg,IMF 5,Bicubic,5973.130560816908,411259352.8914827,500,667,2
,image_08152.jpg,IMF 6,Bicubic,8778.813323373162,1589813043.456434,500,667,2
,image_08152.jpg,IMF 7,Bicubic,6286.823931020385,3057920473.8388653,500,667,2
,image_08152.jpg,IMF 8,Bicubic,3292.811584966085,1181872029.763545,500,667,2
,image_08152.jpg,IMF 9,Bicubic,595.6303879825361,37130484.399013676,500,667,2
,image_08152.jpg,IMF 10,Gaussian,6.708551110823435e-12,1.226066394963831e-23,500,667,2
,image_08151.jpg,IMF 1,Bicubic,40218.80599492995,20305762932.97906,501,715,2
,image_08151.jpg,IMF 2,Lanczos4,56178.009076832735,40225589280.73998,501,715,2
,image_08151.jpg,IMF 3,Lanczos4,38580.168058571486,16537390872.542862,501,715,2
,image_08151.jpg,IMF 4,Bicubic,27853.192344821862,9043666237.181915,501,715,2
,image_08151.jpg,IMF 5,Bicubic,23460.87990358577,7540551668.774754,501,715,2
,image_08151.jpg,IMF 6,Lanczos4,23645.30340730719,8754321082.372704,501,715,2
,image_08151.jpg,IMF 7,Bicubic,13960.862199936293,5950415624.860595,501,715,2
,image_08151.jpg,IMF 8,Bicubic,6968.63558572442,2343580340.4061813,501,715,2
,image_08151.jpg,IMF 9,Bicubic,1940.8097755164831,169507066.5785406,501,715,2
,image_08151.jpg,IMF 10,Gaussian,7.9312553693378e-12,1.7210936284152017e-23,501,715,2
,image_08150.jpg,IMF 1,Lanczos4,4285.937463613179,18924719.226940278,501,726,2
,image_08150.jpg,IMF 2,Bicubic,3848.594574768321,41223901.31994985,501,726,2
,image_08150.jpg,IMF 3,Bicubic,3309.3927417480822,57833936.5903322,501,726,2
,image_08150.jpg,IMF 4,Bicubic,3219.1607086831723,83485811.22021063,501,726,2
,image_08150.jpg,IMF 5,Bicubic,4353.551082760299,237248974.32314315,501,726,2
,image_08150.jpg,IMF 6,Bicubic,4690.3937109034005,480241832.3733328,501,726,2
,image_08150.jpg,IMF 7,Bicubic,5246.156897470556,1634647744.1270127,501,726,2
,image_08150.jpg,IMF 8,Bicubic,4085.2263731782136,1711892592.2866058,501,726,2
,image_08150.jpg,IMF 9,Bicubic,1422.265958194221,270890722.42852086,501,726,2
,image_08150.jpg,IMF 10,MitchelCubic,431.8654018622866,19497016.828756865,501,726,2
,image_08150.jpg,IMF 11,Gaussian,6.902094839651703e-12,1.3054353554377167e-23,501,726,2
,image_08149.jpg,IMF 1,Bicubic,6877.394166454645,426807303.4284567,500,504,2
,image_08149.jpg,IMF 2,Bicubic,6166.496796915158,221831081.01344907,500,504,2
,image_08149.jpg,IMF 3,Bicubic,11356.241040550276,1265741795.3037639,500,504,2
,image_08149.jpg,IMF 4,Bicubic,7907.7359899838475,688612238.2236978,500,504,2
,image_08149.jpg,IMF 5,Bicubic,7858.207805672583,973647664.6800909,500,504,2
,image_08149.jpg,IMF 6,Lanczos4,6333.89248845132,1923913749.0659888,500,504,2
,image_08149.jpg,IMF 7,Bicubic,4718.625129059058,2241219588.1414165,500,504,2
,image_08149.jpg,IMF 8,Bicubic,1344.3442185064291,219014303.82372677,500,504,2
,image_08149.jpg,IMF 9,Gaussian,134.49603507368232,7144237.481354618,500,504,2
,image_08149.jpg,IMF 10,Gaussian,7.240220380000917e-12,1.4226620986708643e-23,500,504,2
,image_08148.jpg,IMF 1,Bicubic,36285.667952846794,16423221755.787653,500,667,2
,image_08148.jpg,IMF 2,Bicubic,64091.14236239184,60423575359.2366,500,667,2
,image_08148.jpg,IMF 3,Bicubic,44959.0909078441,28595697318.581024,500,667,2
,image_08148.jpg,IMF 4,Bicubic,32999.20988629613,14873951093.68856,500,667,2
,image_08148.jpg,IMF 5,Bicubic,38872.1605341539,21209347154.717453,500,667,2
,image_08148.jpg,IMF 6,Bicubic,13079.939904234974,3606531163.3066297,500,667,2
,image_08148.jpg,IMF 7,Bicubic,9352.245433964787,2893085986.029002,500,667,2
,image_08148.jpg,IMF 8,Bicubic,4646.563055695249,918934818.1566306,500,667,2
,image_08148.jpg,IMF 9,Bicubic,866.1274842302429,33811091.98201798,500,667,2
,image_08148.jpg,IMF 10,Gaussian,6.426366783827838e-12,1.1193115322579973e-23,500,667,2
,image_08147.jpg,IMF 1,Bicubic,5219.375305430515,46294590.23297194,677,500,2
,image_08147.jpg,IMF 2,Bicubic,5970.134906223183,99832367.18525171,677,500,2
,image_08147.jpg,IMF 3,Lanczos4,6847.305648079457,230054474.41354182,677,500,2
,image_08147.jpg,IMF 4,Bicubic,6356.895440819513,310253638.99099404,677,500,2
,image_08147.jpg,IMF 5,Bicubic,5898.793621612842,409555287.86273926,677,500,2
,image_08147.jpg,IMF 6,Bilinear,6157.244088453734,685038680.0609347,677,500,2
,image_08147.jpg,IMF 7,Bilinear,6085.681466058645,1812489561.766507,677,500,2
,image_08147.jpg,IMF 8,Bicubic,4445.243810790923,1867577865.9936824,677,500,2
,image_08147.jpg,IMF 9,Bilinear,1450.2910018574048,187073973.37392208,677,500,2
,image_08147.jpg,IMF 10,Gaussian,178.96158695414496,5593557.854728192,677,500,2
,image_08147.jpg,IMF 11,Gaussian,7.160825243281749e-12,1.4058883482563708e-23,677,500,2
,image_08146.jpg,IMF 1,Bicubic,6815.598941988177,316010928.90914106,750,500,2
,image_08146.jpg,IMF 2,Bicubic,7723.809273771849,387035423.4158282,750,500,2
,image_08146.jpg,IMF 3,Lanczos4,5615.750386918153,184160773.07469246,750,500,2
,image_08146.jpg,IMF 4,Lanczos4,5471.748641861161,273478291.8276123,750,500,2
,image_08146.jpg,IMF 5,Bicubic,5704.005773318282,446321322.5828447,750,500,2
,image_08146.jpg,IMF 6,Bicubic,6789.637938241395,1115297543.6183784,750,500,2
,image_08146.jpg,IMF 7,Bicubic,6136.55868457661,3970711356.0707765,750,500,2
,image_08146.jpg,IMF 8,Bicubic,4367.572978851181,2774866247.7435627,750,500,2
,image_08146.jpg,IMF 9,MitchelCubic,1252.9324399392092,194381003.29985896,750,500,2
,image_08146.jpg,IMF 10,Gaussian,8.97009576916509e-12,2.20143262303059e-23,750,500,2
,image_08145.jpg,IMF 1,Bicubic,2313.71677648238,11663568.346029742,501,727,2
,image_08145.jpg,IMF 2,Bicubic,3859.652311157234,55883795.18553248,501,727,2
,image_08145.jpg,IMF 3,Bicubic,4333.5347256844925,117233767.1241519,501,727,2
,image_08145.jpg,IMF 4,Bicubic,4732.79490650221,221127547.8497488,501,727,2
,image_08145.jpg,IMF 5,Bicubic,5962.263761828192,650880761.926229,501,727,2
,image_08145.jpg,IMF 6,Bicubic,6139.291897847677,3695770564.3832026,501,727,2
,image_08145.jpg,IMF 7,Bicubic,4660.021891533668,3207726880.437377,501,727,2
,image_08145.jpg,IMF 8,Bicubic,1770.976712653464,317199489.34777635,501,727,2
,image_08145.jpg,IMF 9,Gaussian,300.21404832546835,9333808.816939656,501,727,2
,image_08145.jpg,IMF 10,Gaussian,8.161844367552916e-12,1.8249775998678305e-23,501,727,2
,image_08144.jpg,IMF 1,Lanczos4,2576.190680413118,7793048.505912998,501,667,2
,image_08144.jpg,IMF 2,Lanczos4,3288.945765693173,33790988.88964154,501,667,2
,image_08144.jpg,IMF 3,Lanczos4,4120.225050444865,99710424.53353499,501,667,2
,image_08144.jpg,IMF 4,Bicubic,4285.6356599278315,166276566.54850256,501,667,2
,image_08144.jpg,IMF 5,Bicubic,4892.365255040013,390239288.91950464,501,667,2
,image_08144.jpg,IMF 6,Bicubic,4933.96992860461,1584700092.8029575,501,667,2
,image_08144.jpg,IMF 7,Bicubic,4130.851956281456,2431509022.0583434,501,667,2
,image_08144.jpg,IMF 8,Bicubic,1553.0043769427355,329206012.5970125,501,667,2
,image_08144.jpg,IMF 9,Gaussian,7.021347262632435e-12,1.354321035005335e-23,501,667,2
,image_08143.jpg,IMF 1,Bicubic,6113.8064617249365,77956687.47777706,500,667,2
,image_08143.jpg,IMF 2,Lanczos4,8654.878668445128,334714704.3113722,500,667,2
,image_08143.jpg,IMF 3,Bicubic,6330.955748341872,220235126.5788592,500,667,2
,image_08143.jpg,IMF 4,Bicubic,6167.9018396169595,290197257.23224396,500,667,2
,image_08143.jpg,IMF 5,Bicubic,6562.215282201348,537294451.9751639,500,667,2
,image_08143.jpg,IMF 6,Bilinear,6529.735090291066,1344723050.7463245,500,667,2
,image_08143.jpg,IMF 7,Bicubic,5253.801458868898,1590080696.8268654,500,667,2
,image_08143.jpg,IMF 8,Bicubic,3327.5606934977113,1063682635.8025407,500,667,2
,image_08143.jpg,IMF 9,Bicubic,996.6730079769712,101819447.8059643,500,667,2
,image_08143.jpg,IMF 10,Gaussian,6.445967601077741e-12,1.1290091188941712e-23,500,667,2
,image_08142.jpg,IMF 1,Lanczos4,3076.731614804335,9008658.568259308,530,501,2
,image_08142.jpg,IMF 2,Lanczos4,4051.935333223363,46969263.33102568,530,501,2
,image_08142.jpg,IMF 3,Lanczos4,4932.180384330242,125975914.02786285,530,501,2
,image_08142.jpg,IMF 4,Bicubic,4953.561706257851,203703754.5724985,530,501,2
,image_08142.jpg,IMF 5,Bicubic,5477.09239812049,356110650.317471,530,501,2
,image_08142.jpg,IMF 6,Bilinear,5347.061016942699,1347631148.9017768,530,501,2
,image_08142.jpg,IMF 7,Bicubic,4590.22542670492,2638414032.818378,530,501,2
,image_08142.jpg,IMF 8,Bicubic,2448.104714153709,778519003.7893363,530,501,2
,image_08142.jpg,IMF 9,Gaussian,203.74797006227763,6603553.883760375,530,501,2
,image_08142.jpg,IMF 10,Gaussian,6.993675488416295e-12,1.3360037594837375e-23,530,501,2
,image_08141.jpg,IMF 1,Bicubic,10737.778189582818,1013011135.9463781,611,500,2
,image_08141.jpg,IMF 2,Bicubic,14138.273905203683,1925231910.4776022,611,500,2
,image_08141.jpg,IMF 3,Lanczos4,6663.978108636701,372047463.4550492,611,500,2
,image_08141.jpg,IMF 4,Bicubic,5772.983901060387,289166573.30766606,611,500,2
,image_08141.jpg,IMF 5,Bicubic,6262.3079352033665,465099115.60623485,611,500,2
,image_08141.jpg,IMF 6,Bicubic,6166.321629755906,764567702.4654337,611,500,2
,image_08141.jpg,IMF 7,Bicubic,4703.248602190739,1791246689.7652447,611,500,2
,image_08141.jpg,IMF 8,Bicubic,2984.1111929805857,1037297446.2154331,611,500,2
,image_08141.jpg,IMF 9,Lanczos3,686.643722742231,35614172.39924335,611,500,2
,image_08141.jpg,IMF 10,Gaussian,6.29560604402035e-12,1.0785089528551407e-23,611,500,2
,image_08140.jpg,IMF 1,Bicubic,2882.822877730515,11161871.920626722,582,500,2
,image_08140.jpg,IMF 2,Bicubic,3538.0151629371435,40534249.32213224,582,500,2
,image_08140.jpg,IMF 3,Bicubic,2548.7168942152766,37777052.649178475,582,500,2
,image_08140.jpg,IMF 4,Bicubic,3891.9453243861976,136757852.27229702,582,500,2
,image_08140.jpg,IMF 5,Bicubic,4357.299355409994,345278888.0264004,582,500,2
,image_08140.jpg,IMF 6,Bicubic,5153.679897133225,1285645031.2720523,582,500,2
,image_08140.jpg,IMF 7,Lanczos4,4113.197614716172,1701582634.2008393,582,500,2
,image_08140.jpg,IMF 8,Bicubic,2827.692501176683,1261736343.3101795,582,500,2
,image_08140.jpg,IMF 9,Bicubic,974.6265867601422,147730550.83649457,582,500,2
,image_08140.jpg,IMF 10,Gaussian,6.643017520557255e-12,1.208266568322059e-23,582,500,2
,image_08139.jpg,IMF 1,Bicubic,1361.0956383300245,3665282.5951154865,741,500,2
,image_08139.jpg,IMF 2,Bicubic,1837.4328555678292,19506172.426887706,741,500,2
,image_08139.jpg,IMF 3,Bicubic,3113.2395229708995,93839670.9582436,741,500,2
,image_08139.jpg,IMF 4,Bicubic,3747.8350452986197,212871549.49978733,741,500,2
,image_08139.jpg,IMF 5,Bicubic,5352.660821531966,671634467.029403,741,500,2
,image_08139.jpg,IMF 6,Bicubic,6774.438067853933,1584844745.7548761,741,500,2
,image_08139.jpg,IMF 7,Bicubic,5301.821558488008,2415292251.4769373,741,500,2
,image_08139.jpg,IMF 8,Bicubic,2903.9257049780595,1275995689.7220285,741,500,2
,image_08139.jpg,IMF 9,Bicubic,862.7892488877363,129863770.26196045,741,500,2
,image_08139.jpg,IMF 10,Gaussian,6.986621345452305e-12,1.335856751344986e-23,741,500,2
,image_08138.jpg,IMF 1,Bicubic,2608.838143073135,8450794.669046197,500,684,2
,image_08138.jpg,IMF 2,Bicubic,3538.028828420809,47345983.686345346,500,684,2
,image_08138.jpg,IMF 3,Bicubic,3818.8518445535087,88690856.83565089,500,684,2
,image_08138.jpg,IMF 4,Bicubic,4258.157444520654,155657754.76799992,500,684,2
,image_08138.jpg,IMF 5,Bicubic,4704.764025551679,375368112.4272644,500,684,2
,image_08138.jpg,IMF 6,Bilinear,5618.515818646878,1883320414.4397657,500,684,2
,image_08138.jpg,IMF 7,Bicubic,4599.275743195924,2319577152.8671865,500,684,2
,image_08138.jpg,IMF 8,Bicubic,2621.2209447662685,687301997.2071651,500,684,2
,image_08138.jpg,IMF 9,Bicubic,610.7158943209814,69230274.4311968,500,684,2
,image_08138.jpg,IMF 10,Gaussian,7.145551662361625e-12,1.3985323648635e-23,500,684,2
,image_08137.jpg,IMF 1,Lanczos4,1750.3757051892323,1674244.8689984768,500,593,2
,image_08137.jpg,IMF 2,Bicubic,1644.0883853586254,6765625.227635153,500,593,2
,image_08137.jpg,IMF 3,Bicubic,2017.3622604083364,23095567.19760833,500,593,2
,image_08137.jpg,IMF 4,Bicubic,2449.6998942248138,60850322.03775524,500,593,2
,image_08137.jpg,IMF 5,Bicubic,3147.8361847128062,143924556.67948583,500,593,2
,image_08137.jpg,IMF 6,Bicubic,4453.654442058722,1173304611.0760458,500,593,2
,image_08137.jpg,IMF 7,Bicubic,4576.819907173388,1846266128.505763,500,593,2
,image_08137.jpg,IMF 8,Bicubic,3189.5445751229927,1631228308.813677,500,593,2
,image_08137.jpg,IMF 9,Lanczos4,1240.2469263380171,274306441.2253859,500,593,2
,image_08137.jpg,IMF 10,Gaussian,7.29840195574613e-12,1.4435567967188406e-23,500,593,2
,image_08136.jpg,IMF 1,Lanczos4,1241.2366587238191,1005229.2210558205,647,500,2
,image_08136.jpg,IMF 2,Bicubic,1302.4320869976812,4906034.236852888,647,500,2
,image_08136.jpg,IMF 3,Bicubic,1287.2328078995852,11004452.5726875,647,500,2
,image_08136.jpg,IMF 4,Bicubic,1808.6731351411331,34256315.48748618,647,500,2
,image_08136.jpg,IMF 5,Bicubic,2903.403751146914,136594593.32044995,647,500,2
,image_08136.jpg,IMF 6,Bicubic,3723.4870364830927,894748506.2538389,647,500,2
,image_08136.jpg,IMF 7,Bicubic,3798.5024723415568,2708500065.9421206,647,500,2
,image_08136.jpg,IMF 8,Lanczos4,2826.946942916554,2433766181.522527,647,500,2
,image_08136.jpg,IMF 9,Bicubic,1322.7072164214674,524413390.1896126,647,500,2
,image_08136.jpg,IMF 10,Gaussian,179.1920191565288,11310195.529551027,647,500,2
,image_08136.jpg,IMF 11,Gaussian,9.280515612882365e-12,2.363725388979564e-23,647,500,2
,image_08135.jpg,IMF 1,Bicubic,1877.3220233578666,5512164.574074173,501,667,2
,image_08135.jpg,IMF 2,Bicubic,1981.6762875669417,12387048.858060466,501,667,2
,image_08135.jpg,IMF 3,Bicubic,2354.5469493672645,27639223.755089376,501,667,2
,image_08135.jpg,IMF 4,Bicubic,2380.8384211525163,47763904.23006618,501,667,2
,image_08135.jpg,IMF 5,Bicubic,3194.104133107021,417671614.4600496,501,667,2
,image_08135.jpg,IMF 6,Bicubic,3804.325626073998,2113010808.7840495,501,667,2
,image_08135.jpg,IMF 7,Bilinear,3197.830014257905,2643957707.651684,501,667,2
,image_08135.jpg,IMF 8,Bicubic,1680.4033186982101,578493950.7643311,501,667,2
,image_08135.jpg,IMF 9,Bilinear,237.30825159895164,9820673.419591717,501,667,2
,image_08135.jpg,IMF 10,Gaussian,8.430996264880369e-12,1.9454542787468024e-23,501,667,2
,image_08134.jpg,IMF 1,Bicubic,7371.7756058875675,605612723.9104378,500,667,2
,image_08134.jpg,IMF 2,Bicubic,9606.56344999664,907568587.2761635,500,667,2
,image_08134.jpg,IMF 3,Bicubic,6024.017723970697,330266784.6356795,500,667,2
,image_08134.jpg,IMF 4,Bicubic,8394.423714846816,830878249.0171957,500,667,2
,image_08134.jpg,IMF 5,Bicubic,5669.183980440307,467258248.1079434,500,667,2
,image_08134.jpg,IMF 6,Bicubic,5197.527501649082,1056144278.559382,500,667,2
,image_08134.jpg,IMF 7,Bicubic,4127.972690774137,1253356483.6053607,500,667,2
,image_08134.jpg,IMF 8,Bicubic,3173.6998247147126,521418926.66790646,500,667,2
,image_08134.jpg,IMF 9,Bicubic,1076.6853526608768,96158157.30853081,500,667,2
,image_08134.jpg,IMF 10,Gaussian,155.46840889878217,2188060.5784023246,500,667,2
,image_08134.jpg,IMF 11,Gaussian,5.518755386359387e-12,8.2962887266925e-24,500,667,2
