File Name,Color Mode,Resolution,Mean Pixel Value,Median Pixel Value,Max Pixel Value,Min Pixel Value,Number of IMFs,RMSE,Trace,Difference-Axis0,Difference-Axis1
DATA/00030.jpg,Grey,"(592, 896)",110.34799182553087,98.0,255.0,0.0,2.0,6.069457920503143e-15,11.185296015408854,255.0,240.0
DATA/00032.jpg,Grey,"(375, 500)",110.537568,91.0,255.0,2.0,2.0,9.251015379586391e-15,10.80171614159188,137.0,128.0
DATA/00034.jpg,Grey,"(480, 640)",117.78104166666668,113.0,255.0,3.0,2.0,7.667154444315186e-15,11.150562948841861,248.0,244.0
DATA/00036.jpg,Grey,"(250, 580)",133.61344137931036,138.0,255.0,0.0,2.0,1.0677031266606514e-14,10.603511037035506,221.0,182.0
DATA/00037.jpg,Grey,"(425, 640)",102.44877205882356,80.0,255.0,0.0,2.0,8.7628862739036e-15,10.61758865817886,224.0,222.0
DATA/00038.jpg,Grey,"(360, 480)",115.61288773148148,93.0,255.0,0.0,2.0,7.595555660464993e-15,10.774822758608419,200.0,210.0
DATA/00039.jpg,Grey,"(425, 640)",129.98042279411766,147.0,255.0,0.0,2.0,1.0427968490278669e-14,10.896072436558708,168.0,159.0
DATA/00040.jpg,Grey,"(469, 750)",98.18289978678038,67.0,255.0,0.0,2.0,7.625004432491128e-15,10.757008864157202,172.0,176.0
DATA/00041.jpg,Grey,"(480, 640)",105.62118815104166,102.0,255.0,0.0,2.0,9.596980110066592e-15,10.705668494120195,196.0,213.0
DATA/00042.jpg,Grey,"(452, 640)",132.85851424225663,133.0,255.0,0.0,2.0,7.647409130562174e-15,10.649654037071713,226.0,212.0
DATA/00043.jpg,Grey,"(417, 596)",82.2545668163456,68.0,255.0,0.0,2.0,5.766171667294703e-15,10.366340677753023,156.0,128.0
DATA/00044.jpg,Grey,"(439, 659)",159.8205398529559,186.0,255.0,0.0,2.0,1.2214264116475038e-14,10.975225266531696,207.0,208.0
DATA/00045.jpg,Grey,"(375, 500)",153.39999466666666,159.0,255.0,0.0,2.0,9.957446285226416e-15,10.852884186307278,182.0,160.0
DATA/00046.jpg,Grey,"(492, 786)",93.93753749560396,106.0,255.0,0.0,2.0,6.099331445895738e-15,10.862167050902073,240.0,229.0
DATA/00048.jpg,Grey,"(541, 813)",94.62296826295434,90.0,255.0,0.0,2.0,6.088044232067311e-15,10.697520250869932,185.0,162.0
DATA/00051.jpg,Grey,"(480, 640)",140.47579427083335,152.0,255.0,0.0,2.0,9.825091141247976e-15,11.07145486932678,238.0,232.0
DATA/00052.jpg,Grey,"(424, 808)",85.8503993087988,75.0,255.0,0.0,2.0,6.509198354604079e-15,10.558699193753037,255.0,255.0
DATA/00053.jpg,Grey,"(375, 500)",151.308928,172.0,255.0,0.0,2.0,1.0971700193675864e-14,10.603659998032828,253.0,255.0
DATA/00055.jpg,Grey,"(433, 620)",110.75388139760113,120.0,255.0,0.0,2.0,7.876530994712841e-15,10.672437696511574,158.0,189.0
DATA/00056.jpg,Grey,"(315, 500)",119.85022857142856,122.0,255.0,0.0,2.0,8.431717959639506e-15,10.467550579684538,160.0,158.0
DATA/00057.jpg,Grey,"(498, 1200)",84.50506024096386,74.0,255.0,0.0,2.0,5.795884236139181e-15,10.49504487733444,181.0,194.0
DATA/00058.jpg,Grey,"(194, 260)",143.6169310071372,132.0,255.0,0.0,2.0,1.0780650281415865e-14,9.89035165314299,228.0,211.0
DATA/00059.jpg,Grey,"(480, 640)",118.076611328125,133.0,255.0,0.0,2.0,1.017060440698321e-14,10.937543542130864,166.0,161.0
DATA/00060.jpg,Grey,"(300, 400)",78.47770833333334,49.0,255.0,0.0,2.0,6.0839897595887105e-15,10.071076109728018,198.0,219.0
DATA/00061.jpg,Grey,"(764, 1023)",90.17613732324085,73.0,255.0,12.0,2.0,5.6871135717802496e-15,11.374766237561015,183.0,186.0
DATA/00062.jpg,Grey,"(280, 450)",166.06619047619049,195.0,255.0,0.0,2.0,8.749403635150259e-15,10.72943773550884,196.0,209.0
DATA/00065.jpg,Grey,"(361, 500)",90.76483656509696,103.0,255.0,0.0,2.0,5.68909909247357e-15,10.129706370367266,217.0,216.0
DATA/00066.jpg,Grey,"(194, 259)",118.17979540659952,110.0,255.0,0.0,2.0,9.007912678229605e-15,9.854717388166698,217.0,186.0
DATA/00067.jpg,Grey,"(480, 640)",139.16858072916668,131.0,255.0,0.0,2.0,8.43920436590998e-15,10.960878461384738,227.0,174.0
DATA/00068.jpg,Grey,"(438, 640)",143.4572310216895,150.0,255.0,0.0,2.0,7.984825066907822e-15,11.053758902024423,168.0,156.0
DATA/00069.jpg,Grey,"(533, 800)",124.14288930581614,115.0,255.0,0.0,2.0,8.991197736958358e-15,10.961295207644394,165.0,174.0
DATA/00071.jpg,Grey,"(305, 643)",98.84823700379879,90.0,255.0,0.0,2.0,7.29011013652697e-15,10.113099969565988,254.0,232.0
DATA/00073.jpg,Grey,"(240, 320)",109.54342447916666,99.0,255.0,0.0,2.0,8.426429415526816e-15,10.222522932645903,179.0,155.0
DATA/00074.jpg,Grey,"(240, 320)",113.70225260416667,93.0,255.0,0.0,2.0,8.309216483953587e-15,10.076558117215898,185.0,170.0
DATA/00075.jpg,Grey,"(286, 550)",101.29784488239036,86.0,255.0,0.0,2.0,5.732919199309655e-15,10.645353466142934,184.0,200.0
DATA/00076.jpg,Grey,"(187, 300)",178.44777183600712,198.0,255.0,0.0,2.0,6.5924427827455544e-15,10.239280987394974,183.0,175.0
DATA/00078.jpg,Grey,"(480, 640)",124.96100260416668,124.0,255.0,0.0,2.0,9.624730804653064e-15,10.915742795547708,231.0,231.0
DATA/00080.jpg,Grey,"(224, 300)",78.07224702380952,57.0,255.0,0.0,2.0,6.336867080200717e-15,9.53863641731322,167.0,164.0
DATA/00081.jpg,Grey,"(301, 550)",75.7266203563878,65.0,255.0,0.0,2.0,6.016705373498872e-15,9.958591078762153,202.0,216.0
DATA/00082.jpg,Grey,"(480, 640)",116.12905598958334,110.0,255.0,0.0,2.0,9.381163386786129e-15,10.779018787936986,191.0,198.0
DATA/00083.jpg,Grey,"(225, 300)",123.40722962962965,121.0,255.0,1.0,2.0,8.834044268458158e-15,10.180247697287353,173.0,176.0
DATA/00084.jpg,Grey,"(480, 640)",104.84870442708332,83.0,255.0,0.0,2.0,7.72533356861889e-15,11.049571676442373,203.0,195.0
DATA/00085.jpg,Grey,"(480, 640)",124.50847981770832,135.0,255.0,0.0,2.0,7.878370798898884e-15,10.892787081263537,201.0,206.0
DATA/00087.jpg,Grey,"(234, 467)",79.60210655392669,57.0,255.0,0.0,2.0,5.293193302856698e-15,9.785773264516571,228.0,211.0
DATA/00090.jpg,Grey,"(225, 300)",125.11293333333332,115.0,255.0,0.0,2.0,8.004467070639908e-15,10.446596419222267,247.0,254.0
DATA/00091.jpg,Grey,"(480, 640)",91.27694986979166,94.0,255.0,0.0,2.0,5.84530050188911e-15,10.682399500056867,198.0,205.0
DATA/00092.jpg,Grey,"(338, 600)",48.319832347140036,40.0,255.0,0.0,2.0,5.0488232756093565e-15,9.101194924715383,198.0,201.0
DATA/00093.jpg,Grey,"(183, 275)",196.47890710382515,211.0,255.0,0.0,2.0,1.0370404696184672e-14,10.455618254118846,192.0,163.0
DATA/00094.jpg,Grey,"(491, 786)",153.6465254997072,175.0,255.0,0.0,2.0,7.889666001293678e-15,11.294719702685642,149.0,159.0
DATA/00096.jpg,Grey,"(265, 400)",155.54249056603774,180.0,255.0,0.0,2.0,8.115971447453045e-15,10.446247794832463,190.0,196.0
DATA/00097.jpg,Grey,"(58, 78)",95.4049513704686,79.0,255.0,0.0,2.0,5.781324133278865e-15,8.472405008626103,186.0,178.0
DATA/00098.jpg,Grey,"(426, 640)",155.36968896713609,164.0,255.0,0.0,2.0,1.213632278122333e-14,11.097788737165331,199.0,203.0
DATA/00099.jpg,Grey,"(383, 510)",128.16136794143245,125.0,255.0,0.0,2.0,9.034588022752638e-15,10.959418480244198,184.0,187.0
DATA/00100.jpg,Grey,"(360, 480)",114.77386574074076,96.0,255.0,0.0,2.0,8.4075591044697e-15,10.690466547929944,144.0,156.0
DATA/00102.jpg,Grey,"(360, 480)",76.4988425925926,45.0,255.0,0.0,2.0,8.768063215806526e-15,10.295630986527804,195.0,186.0
DATA/00103.jpg,Grey,"(480, 640)",132.13193684895833,154.0,255.0,0.0,2.0,9.124070126538664e-15,10.907202909334558,180.0,178.0
DATA/00104.jpg,Grey,"(360, 480)",153.49383680555556,174.0,255.0,0.0,2.0,6.783255734477e-15,10.865630804592373,236.0,170.0
DATA/00106.jpg,Grey,"(225, 300)",144.68057777777778,157.0,255.0,0.0,2.0,8.24982423105201e-15,10.263990161609186,185.0,179.0
DATA/00107.jpg,Grey,"(182, 276)",72.59470058926581,50.0,255.0,0.0,2.0,6.424794830875551e-15,9.340403256274351,247.0,226.0
DATA/00108.jpg,Grey,"(159, 212)",112.50756496974013,99.0,255.0,0.0,2.0,8.253499263741549e-15,9.838575628358983,241.0,250.0
DATA/00109.jpg,Grey,"(194, 259)",130.4674999004896,117.0,255.0,0.0,2.0,8.28034865592901e-15,9.978734161910666,255.0,230.0
DATA/00110.jpg,Grey,"(398, 600)",76.88387772194305,66.0,255.0,0.0,2.0,6.351314967814308e-15,10.48088712455176,218.0,210.0
DATA/00111.jpg,Grey,"(532, 800)",125.77681390977443,134.0,255.0,0.0,2.0,9.28022705009035e-15,11.067091384711675,215.0,210.0
DATA/00112.jpg,Grey,"(274, 500)",103.7816204379562,72.0,255.0,0.0,2.0,5.000069496561048e-15,10.301726615552553,246.0,225.0
DATA/00114.jpg,Grey,"(426, 640)",163.90006968896714,212.0,255.0,0.0,2.0,1.0452742600568408e-14,10.998811105904473,239.0,241.0
DATA/00115.jpg,Grey,"(267, 400)",170.7894475655431,199.0,255.0,0.0,2.0,1.1128339268994354e-14,10.734612476037977,252.0,255.0
DATA/00117.jpg,Grey,"(383, 753)",122.86991979861234,103.0,255.0,0.0,2.0,7.915877271513584e-15,10.508049390799947,220.0,213.0
DATA/00118.jpg,Grey,"(420, 630)",116.04157218442933,119.0,255.0,0.0,2.0,7.431685322820729e-15,10.734634253752839,197.0,183.0
DATA/00120.jpg,Grey,"(150, 200)",126.10143333333332,122.0,255.0,0.0,2.0,9.33600159990922e-15,9.499271663828397,182.0,176.0
DATA/00121.jpg,Grey,"(480, 640)",140.310419921875,145.0,255.0,0.0,2.0,1.123503280531294e-14,11.013979003734317,199.0,196.0
DATA/00122.jpg,Grey,"(200, 300)",121.80008333333332,121.0,255.0,0.0,2.0,7.878524747198945e-15,10.052424665310498,200.0,187.0
DATA/00124.jpg,Grey,"(214, 285)",141.67919331037874,174.0,255.0,0.0,2.0,1.0107443955055328e-14,10.286638883047708,201.0,170.0
DATA/00126.jpg,Grey,"(533, 800)",86.54808864915572,61.0,255.0,0.0,2.0,5.933253956386855e-15,10.680516217076775,229.0,201.0
DATA/00127.jpg,Grey,"(387, 620)",107.53392931566223,105.0,255.0,0.0,2.0,5.608289465098151e-15,10.552081829046976,172.0,186.0
DATA/00128.jpg,Grey,"(329, 438)",198.37564364130964,255.0,255.0,0.0,2.0,4.78312565563523e-15,10.918355847771275,163.0,149.0
DATA/00129.jpg,Grey,"(348, 607)",158.3789836959609,181.0,255.0,0.0,2.0,1.1094898743172057e-14,10.90286865094238,255.0,230.0
DATA/00131.jpg,Grey,"(720, 960)",92.39487702546295,107.0,255.0,0.0,2.0,6.985270916827882e-15,10.825601297713073,218.0,227.0
DATA/00132.jpg,Grey,"(480, 640)",108.2688671875,102.0,255.0,0.0,2.0,6.0715565379086866e-15,10.809808753372794,202.0,199.0
DATA/00133.jpg,Grey,"(360, 480)",155.01130787037036,153.0,255.0,1.0,2.0,9.31007017853969e-15,10.592626711698534,177.0,168.0
DATA/00134.jpg,Grey,"(187, 270)",107.8278669043375,92.0,255.0,0.0,2.0,8.251505089917064e-15,9.730858867713073,243.0,214.0
DATA/00136.jpg,Grey,"(225, 300)",145.02771851851853,160.0,255.0,0.0,2.0,9.183905475737728e-15,10.39781787377292,187.0,148.0
DATA/00137.jpg,Grey,"(480, 640)",115.88910481770831,127.0,255.0,0.0,2.0,6.9966721273457976e-15,10.669048413605116,130.0,120.0
DATA/00139.jpg,Grey,"(535, 800)",136.1133971962617,159.0,255.0,0.0,2.0,9.810007800014291e-15,11.241720234077242,139.0,154.0
DATA/00140.jpg,Grey,"(480, 640)",63.95508463541667,47.0,231.0,1.0,2.0,5.362753591217603e-15,9.630759771866158,177.0,131.0
DATA/00141.jpg,Grey,"(360, 480)",114.31465856481482,88.0,255.0,0.0,2.0,1.0107172242147983e-14,10.447380380006317,189.0,176.0
DATA/00143.jpg,Grey,"(429, 665)",100.50089910089909,95.0,255.0,0.0,2.0,5.779701799113308e-15,10.344737992447081,226.0,212.0
DATA/00144.jpg,Grey,"(266, 355)",131.49635708990786,114.0,255.0,8.0,2.0,7.96234391421174e-15,10.523499364732984,164.0,153.0
DATA/00145.jpg,Grey,"(938, 1500)",54.98260980810234,28.0,255.0,0.0,2.0,6.4559595557252465e-15,11.005577121783784,169.0,167.0
DATA/00146.jpg,Grey,"(166, 300)",157.17680722891566,180.0,255.0,0.0,2.0,9.075568810279181e-15,10.279317855514602,234.0,246.0
DATA/00147.jpg,Grey,"(346, 787)",132.08666480598748,149.0,255.0,0.0,2.0,7.135307307958053e-15,10.455963627557306,255.0,253.0
DATA/00148.jpg,Grey,"(480, 640)",119.210771484375,93.0,255.0,0.0,2.0,7.424391143449647e-15,10.842556871299623,182.0,161.0
DATA/00149.jpg,Grey,"(179, 282)",76.8257458694877,63.0,255.0,0.0,2.0,6.3175305399016715e-15,9.500319803476646,212.0,200.0
DATA/00150.jpg,Grey,"(456, 608)",110.68884175900276,114.0,255.0,0.0,2.0,6.251205391317345e-15,10.781224548778033,197.0,199.0
DATA/00151.jpg,Grey,"(182, 300)",102.99331501831502,100.0,255.0,0.0,2.0,8.862998714974441e-15,9.905435653754145,151.0,153.0
DATA/00152.jpg,Grey,"(335, 630)",110.34298981284056,125.0,255.0,0.0,2.0,7.528138801680952e-15,10.742270693943276,126.0,142.0
DATA/00153.jpg,Grey,"(480, 640)",133.1975,143.0,255.0,0.0,2.0,7.049697655142649e-15,11.054265255184918,170.0,135.0
DATA/00154.jpg,Grey,"(260, 400)",126.96218269230768,102.0,255.0,0.0,2.0,8.151255283255058e-15,10.321967597721788,177.0,168.0
DATA/00156.jpg,Grey,"(166, 250)",145.58710843373493,139.0,255.0,0.0,2.0,1.054908983275187e-14,10.014492110579038,215.0,202.0
DATA/00160.jpg,Grey,"(350, 625)",90.68197942857141,83.0,255.0,0.0,2.0,8.048937213467225e-15,10.453889595415305,181.0,203.0
DATA/00161.jpg,Grey,"(480, 640)",131.42993489583333,124.0,255.0,0.0,2.0,9.058712358248509e-15,10.94866390211491,234.0,226.0
DATA/00162.jpg,Grey,"(450, 600)",106.0968925925926,87.0,255.0,0.0,2.0,6.885811285324135e-15,10.993412212806673,193.0,194.0
DATA/00163.jpg,Grey,"(525, 700)",137.59128163265305,128.0,255.0,0.0,2.0,8.339108023326204e-15,11.20610134699008,130.0,104.0
DATA/00164.jpg,Grey,"(194, 259)",132.5016916769494,140.0,255.0,0.0,2.0,9.461261833170078e-15,9.85314117809939,181.0,177.0
DATA/00165.jpg,Grey,"(221, 500)",106.56634389140272,110.0,255.0,0.0,2.0,8.617206094948324e-15,9.68277853533738,235.0,211.0
DATA/00167.jpg,Grey,"(275, 440)",102.70729752066116,102.0,255.0,0.0,2.0,5.931617235327693e-15,10.14858827120238,255.0,245.0
DATA/00168.jpg,Grey,"(480, 640)",122.17567708333333,116.0,255.0,0.0,2.0,1.0035227863443843e-14,10.681481268506193,240.0,242.0
DATA/00169.jpg,Grey,"(104, 140)",175.38777472527474,245.0,255.0,0.0,2.0,6.2399348773464095e-15,9.750977193313805,252.0,254.0
DATA/00170.jpg,Grey,"(480, 640)",85.10231119791666,64.0,255.0,0.0,2.0,5.8089424877827065e-15,10.45754506469412,179.0,163.0
DATA/00171.jpg,Grey,"(183, 300)",134.80497267759563,183.0,255.0,0.0,2.0,1.0010471140017125e-14,10.137016983402756,193.0,233.0
DATA/00172.jpg,Grey,"(305, 500)",123.23747540983608,127.0,255.0,0.0,2.0,9.359854039995191e-15,10.648444144272435,243.0,239.0
DATA/00174.jpg,Grey,"(194, 259)",148.63710544122915,143.0,255.0,0.0,2.0,9.82251202299474e-15,10.342709757442426,194.0,181.0
DATA/00176.jpg,Grey,"(768, 1024)",127.91389719645184,134.0,255.0,0.0,2.0,8.09166273084156e-15,11.473862339399373,173.0,165.0
DATA/00177.jpg,Grey,"(326, 700)",86.53047326906223,70.0,255.0,0.0,2.0,6.619058701573867e-15,10.374865237335008,213.0,248.0
DATA/00178.jpg,Grey,"(168, 300)",169.68301587301588,249.0,255.0,0.0,2.0,5.124089783576796e-15,10.327512686165203,251.0,251.0
DATA/00179.jpg,Grey,"(480, 640)",134.63995442708332,137.0,255.0,0.0,2.0,9.418574482924036e-15,10.97296278334936,177.0,198.0
DATA/00180.jpg,Grey,"(189, 300)",90.8632451499118,81.0,255.0,0.0,2.0,6.251335484702193e-15,9.906283639838133,192.0,175.0
DATA/00183.jpg,Grey,"(150, 200)",76.48186666666666,41.0,255.0,0.0,2.0,5.268078639593885e-15,9.563248229345673,207.0,206.0
DATA/00184.jpg,Grey,"(426, 640)",130.50568515258215,114.0,255.0,0.0,2.0,9.091608528270534e-15,10.979291701878227,248.0,226.0
DATA/00185.jpg,Grey,"(480, 640)",124.63494791666666,115.0,255.0,0.0,2.0,8.649789313711589e-15,11.039845107446496,253.0,253.0
DATA/00186.jpg,Grey,"(199, 266)",154.21322779310088,149.0,255.0,3.0,2.0,4.7845105410657424e-15,10.308252415529902,166.0,156.0
DATA/00189.jpg,Grey,"(480, 640)",123.53043619791669,138.0,255.0,0.0,2.0,8.913874121938862e-15,11.02405700855628,237.0,247.0
DATA/00191.jpg,Grey,"(469, 750)",107.90667803837951,110.0,255.0,0.0,2.0,8.429292096466958e-15,10.804400652365961,216.0,204.0
DATA/00192.jpg,Grey,"(225, 300)",121.4648,103.0,255.0,0.0,2.0,6.250009250285493e-15,10.328101479483053,190.0,187.0
DATA/00193.jpg,Grey,"(768, 1024)",127.27649943033856,132.0,255.0,0.0,2.0,8.277147462100211e-15,11.638076843149149,177.0,171.0
DATA/00025.jpg,Grey,"(453, 604)",104.9443664751546,87.0,255.0,0.0,2.0,8.072769067574309e-15,,,
DATA/00026.jpg,Grey,"(417, 628)",147.80604179077122,184.0,255.0,0.0,2.0,1.0105594095450392e-14,,,
DATA/00027.jpg,Grey,"(418, 630)",123.05844155844156,134.0,255.0,0.0,2.0,9.66173770695686e-15,,,
DATA/00028.jpg,Grey,"(412, 620)",152.37181334168494,166.0,255.0,0.0,2.0,9.864272923054006e-15,,,
DATA/00194.jpg,Grey,"(782, 1280)",110.5574368606138,103.0,255.0,0.0,-1.0,-1.0,,,
DATA/00195.jpg,Grey,"(1080, 1440)",109.16295331790123,120.0,255.0,0.0,-1.0,-1.0,,,
DATA/00196.jpg,Grey,"(225, 300)",123.4585777777778,115.0,255.0,0.0,2.0,7.665474703192242e-15,,,
DATA/00197.jpg,Grey,"(436, 540)",128.4597604485219,125.0,255.0,0.0,2.0,6.288738086061469e-15,,,
DATA/00198.jpg,Grey,"(450, 600)",83.61610740740741,72.0,250.0,0.0,2.0,5.201456294535506e-15,,,
DATA/00200.jpg,Grey,"(255, 340)",137.97391003460206,135.0,255.0,0.0,2.0,1.0898667024040607e-14,,,
DATA/00201.jpg,Grey,"(200, 400)",105.253225,110.0,255.0,0.0,2.0,7.789522223776212e-15,,,
DATA/00203.jpg,Grey,"(640, 960)",132.65454752604165,135.0,255.0,0.0,2.0,8.600514958200092e-15,,,
DATA/00204.jpg,Grey,"(169, 300)",95.68546351084812,73.0,255.0,0.0,2.0,7.530565791948776e-15,,,
DATA/00205.jpg,Grey,"(426, 640)",188.433799149061,251.0,255.0,0.0,-1.0,-1.0,,,
DATA/00206.jpg,Grey,"(480, 640)",123.69129231770832,118.0,255.0,0.0,2.0,7.137810241570319e-15,,,
DATA/00207.jpg,Grey,"(372, 470)",112.52181994966827,115.0,255.0,0.0,2.0,8.062636607448443e-15,,,
DATA/00208.jpg,Grey,"(282, 376)",143.08952014486192,167.0,245.0,0.0,2.0,1.0028504231876057e-14,,,
DATA/00209.jpg,Grey,"(667, 1000)",118.31629235382307,122.0,255.0,0.0,2.0,8.728260589613941e-15,,,
DATA/00210.jpg,Grey,"(480, 640)",113.4388671875,90.0,255.0,0.0,2.0,9.373025206239604e-15,,,
DATA/00211.jpg,Grey,"(397, 608)",99.24981771178578,99.0,255.0,0.0,2.0,6.209106329785782e-15,,,
DATA/00212.jpg,Grey,"(194, 259)",118.39304621263383,99.0,255.0,0.0,2.0,8.77277179008684e-15,,,
DATA/00213.jpg,Grey,"(225, 300)",109.59125925925926,102.0,255.0,0.0,2.0,5.991260693348878e-15,,,
DATA/00214.jpg,Grey,"(768, 1024)",97.19009272257489,79.0,255.0,0.0,-1.0,-1.0,,,
DATA/00215.jpg,Grey,"(194, 259)",98.40608207618514,59.0,255.0,0.0,2.0,8.187252456106195e-15,,,
DATA/00216.jpg,Grey,"(108, 144)",146.06494341563788,162.0,255.0,0.0,2.0,1.0873890038595229e-14,,,
DATA/00217.jpg,Grey,"(480, 640)",142.22582682291667,149.0,255.0,7.0,2.0,1.0172341342977995e-14,,,
DATA/00218.jpg,Grey,"(300, 400)",112.4584,115.0,255.0,0.0,2.0,6.437964200664379e-15,,,
DATA/00219.jpg,Grey,"(359, 640)",94.24682712395544,93.0,255.0,0.0,2.0,6.496076080666604e-15,,,
DATA/00220.jpg,Grey,"(360, 480)",123.49236111111112,116.0,255.0,0.0,2.0,8.752113432600517e-15,,,
DATA/00221.jpg,Grey,"(331, 500)",140.126833836858,167.0,255.0,0.0,2.0,8.355461809985821e-15,,,
DATA/00222.jpg,Grey,"(388, 620)",79.7868016295311,83.0,255.0,0.0,2.0,5.296211419134073e-15,,,
DATA/00223.jpg,Grey,"(333, 500)",143.10975375375375,150.0,255.0,0.0,2.0,1.0396458883774583e-14,,,
DATA/00224.jpg,Grey,"(150, 200)",122.9209,144.0,229.0,0.0,2.0,8.074670299746169e-15,,,
DATA/00225.jpg,Grey,"(342, 465)",173.66165503364144,224.0,255.0,0.0,2.0,7.026548572710277e-15,,,
DATA/00226.jpg,Grey,"(194, 259)",109.53624169088087,84.0,255.0,0.0,2.0,7.198154746683122e-15,,,
DATA/00227.jpg,Grey,"(480, 640)",103.013779296875,104.0,248.0,0.0,2.0,6.476068354644757e-15,,,
DATA/00228.jpg,Grey,"(536, 964)",137.52334799033878,156.0,255.0,0.0,-1.0,-1.0,,,
DATA/00229.jpg,Grey,"(194, 259)",62.02093699000915,33.0,255.0,0.0,2.0,7.885744120507786e-15,,,
DATA/00230.jpg,Grey,"(2775, 3699)",108.42182942066154,97.0,255.0,0.0,-1.0,-1.0,,,
DATA/00231.jpg,Grey,"(480, 640)",163.5993359375,161.0,255.0,0.0,2.0,1.0309551172233893e-14,,,
DATA/00232.jpg,Grey,"(444, 600)",116.74274024024021,142.0,255.0,0.0,2.0,5.579283461250896e-15,,,
DATA/00233.jpg,Grey,"(1067, 1600)",140.4958118556701,149.0,230.0,0.0,-1.0,-1.0,,,
DATA/00234.jpg,Grey,"(1000, 1504)",111.6329069148936,137.0,255.0,0.0,-1.0,-1.0,,,
DATA/00235.jpg,Grey,"(480, 640)",164.85052083333332,170.0,255.0,0.0,2.0,1.0245387671874248e-14,,,
DATA/00236.jpg,Grey,"(450, 600)",138.9262925925926,142.0,255.0,0.0,2.0,1.0716613574706017e-14,,,
DATA/00237.jpg,Grey,"(300, 400)",112.83406666666669,107.0,255.0,0.0,2.0,9.32026632856118e-15,,,
DATA/00238.jpg,Grey,"(399, 600)",98.74836675020886,94.0,255.0,0.0,2.0,6.9506476385683104e-15,,,
DATA/00239.jpg,Grey,"(194, 259)",127.82788679695896,130.0,255.0,0.0,2.0,9.304592172759046e-15,,,
DATA/00240.jpg,Grey,"(225, 300)",135.12995555555554,158.0,255.0,0.0,2.0,9.457625626189855e-15,,,
DATA/00241.jpg,Grey,"(768, 1024)",102.80807240804035,78.0,255.0,0.0,-1.0,-1.0,,,
DATA/00242.jpg,Grey,"(210, 280)",123.81603741496599,132.0,255.0,0.0,2.0,1.008782087735769e-14,,,
DATA/00243.jpg,Grey,"(469, 750)",137.14130490405114,136.0,255.0,0.0,2.0,8.692524852426256e-15,,,
DATA/00244.jpg,Grey,"(360, 480)",34.902760416666666,19.0,255.0,0.0,2.0,3.351712596160403e-15,,,
DATA/00245.jpg,Grey,"(283, 556)",140.5438327783003,115.0,255.0,0.0,2.0,9.189166702606371e-15,,,
DATA/00246.jpg,Grey,"(1024, 1280)",96.04690246582031,96.0,255.0,0.0,-1.0,-1.0,,,
DATA/00247.jpg,Grey,"(540, 900)",100.60312551440329,92.0,255.0,0.0,2.0,6.171345339095596e-15,,,
DATA/00248.jpg,Grey,"(445, 595)",106.241650457936,97.0,255.0,4.0,2.0,5.782847615492754e-15,,,
DATA/00249.jpg,Grey,"(480, 640)",100.18153645833333,102.0,255.0,0.0,2.0,9.1032505424026e-15,,,
DATA/00250.jpg,Grey,"(194, 259)",130.80989531504994,138.0,255.0,0.0,2.0,9.166145520260444e-15,,,
DATA/00252.jpg,Grey,"(183, 275)",93.14307004470942,85.0,255.0,0.0,2.0,6.953271166141927e-15,,,
DATA/00253.jpg,Grey,"(480, 640)",143.731181640625,157.0,255.0,0.0,2.0,9.879163486548019e-15,,,
DATA/00254.jpg,Grey,"(161, 300)",139.36857142857144,157.0,255.0,0.0,2.0,8.212563716607601e-15,,,
DATA/00255.jpg,Grey,"(422, 791)",126.05020341399992,116.0,255.0,0.0,2.0,8.273962842985258e-15,,,
DATA/00256.jpg,Grey,"(603, 986)",81.20227631282398,78.0,255.0,0.0,2.0,5.580969868216817e-15,,,
DATA/00257.jpg,Grey,"(480, 640)",225.4532942708333,255.0,255.0,0.0,-1.0,-1.0,,,
DATA/00258.jpg,Grey,"(194, 259)",119.33240456951798,135.0,255.0,0.0,2.0,1.0081436067501193e-14,,,
DATA/00259.jpg,Grey,"(1944, 2592)",116.87390490842353,116.0,255.0,0.0,-1.0,-1.0,,,
DATA/00260.jpg,Grey,"(518, 720)",96.2975707850708,68.0,255.0,0.0,2.0,9.110450024340393e-15,,,
DATA/00261.jpg,Grey,"(269, 400)",90.76776951672865,91.0,255.0,0.0,2.0,6.136835298227162e-15,,,
DATA/00262.jpg,Grey,"(391, 587)",104.98406653973343,73.0,255.0,0.0,2.0,7.897352395809968e-15,,,
DATA/00263.jpg,Grey,"(740, 1111)",46.69473933879876,22.0,255.0,0.0,-1.0,-1.0,,,
DATA/00264.jpg,Grey,"(375, 500)",101.44792,90.0,255.0,0.0,2.0,7.816727968868881e-15,,,
DATA/00265.jpg,Grey,"(266, 400)",119.40441729323307,131.0,255.0,0.0,2.0,7.26817698868156e-15,,,
DATA/00267.jpg,Grey,"(425, 640)",112.32074632352942,122.0,255.0,0.0,2.0,7.209972696348925e-15,,,
DATA/00268.jpg,Grey,"(426, 640)",127.09556191314554,142.0,255.0,0.0,2.0,6.106157453415385e-15,,,
DATA/00269.jpg,Grey,"(480, 640)",144.84280598958333,146.0,254.0,7.0,2.0,1.0575323537238495e-14,,,
DATA/00270.jpg,Grey,"(224, 375)",136.57957142857143,144.0,255.0,0.0,2.0,1.1138088581581517e-14,,,
DATA/00271.jpg,Grey,"(108, 144)",101.22691615226336,110.0,255.0,0.0,2.0,6.3778888742567986e-15,,,
DATA/00272.jpg,Grey,"(331, 600)",126.8267270896274,113.0,255.0,0.0,2.0,8.173877688068055e-15,,,
DATA/00273.jpg,Grey,"(360, 480)",92.28710648148147,85.0,255.0,0.0,2.0,7.28859701052382e-15,,,
DATA/00274.jpg,Grey,"(334, 500)",122.15385628742516,134.0,255.0,0.0,2.0,7.688074209781356e-15,,,
DATA/00275.jpg,Grey,"(375, 600)",78.61744888888889,84.0,255.0,0.0,2.0,6.154765855927796e-15,,,
DATA/00276.jpg,Grey,"(480, 640)",85.819423828125,73.0,255.0,0.0,2.0,6.122796939991194e-15,,,
DATA/00277.jpg,Grey,"(768, 1024)",98.0272153218587,51.0,255.0,0.0,2.0,8.551144607437497e-15,,,
DATA/00278.jpg,Grey,"(194, 259)",120.59612705488995,130.0,255.0,0.0,2.0,6.908612484515763e-15,,,
DATA/00279.jpg,Grey,"(352, 576)",152.35060566603536,169.0,255.0,0.0,2.0,9.902250445628497e-15,,,
DATA/00280.jpg,Grey,"(189, 267)",105.97576442145728,104.0,255.0,0.0,2.0,7.322813326289131e-15,,,
DATA/00281.jpg,Grey,"(390, 587)",83.98452802166601,27.0,255.0,0.0,2.0,7.442038567274411e-15,,,
DATA/00282.jpg,Grey,"(360, 480)",102.51277777777777,77.0,255.0,0.0,2.0,6.248000665943136e-15,,,
DATA/00283.jpg,Grey,"(492, 786)",147.24838122427025,156.0,255.0,0.0,-1.0,-1.0,,,
DATA/00285.jpg,Grey,"(305, 640)",107.38444159836064,107.0,255.0,0.0,2.0,7.830351706053371e-15,,,
DATA/00288.jpg,Grey,"(156, 300)",99.97429487179487,83.0,255.0,0.0,2.0,7.285043908097601e-15,,,
DATA/00289.jpg,Grey,"(533, 800)",139.35615384615386,112.0,255.0,0.0,2.0,9.292732195035788e-15,,,
DATA/00290.jpg,Grey,"(532, 800)",82.86599154135338,48.0,255.0,0.0,-1.0,-1.0,,,
DATA/00291.jpg,Grey,"(600, 600)",62.924925,50.0,255.0,0.0,-1.0,-1.0,,,
DATA/00292.jpg,Grey,"(300, 960)",86.34636111111111,82.0,255.0,0.0,2.0,5.8033887262757924e-15,,,
DATA/00293.jpg,Grey,"(441, 1000)",100.40216326530613,84.0,253.0,0.0,2.0,8.234189872795683e-15,,,
DATA/00294.jpg,Grey,"(480, 640)",122.81306966145831,104.0,255.0,0.0,2.0,1.1336835899621993e-14,,,
DATA/00295.jpg,Grey,"(480, 640)",123.98274088541666,122.0,255.0,0.0,2.0,9.190599386357667e-15,,,
DATA/00296.jpg,Grey,"(480, 640)",102.95044596354168,99.0,255.0,0.0,2.0,6.474672445121833e-15,,,
DATA/00297.jpg,Grey,"(480, 640)",115.25855794270834,99.0,255.0,0.0,2.0,6.422365914376066e-15,,,
DATA/00298.jpg,Grey,"(271, 409)",118.56487337489513,104.0,255.0,0.0,2.0,9.42174703598476e-15,,,
DATA/00300.jpg,Grey,"(768, 1024)",106.94212595621744,93.0,255.0,0.0,-1.0,-1.0,,,
DATA/00301.jpg,Grey,"(241, 300)",212.72876901798062,255.0,255.0,0.0,2.0,8.272955358018033e-15,,,
DATA/00302.jpg,Grey,"(189, 300)",87.08597883597885,82.0,255.0,0.0,2.0,6.541494828627964e-15,,,
DATA/00303.jpg,Grey,"(225, 300)",148.14663703703704,161.0,255.0,0.0,2.0,1.2352670359526598e-14,,,
DATA/00304.jpg,Grey,"(191, 264)",94.95502141837221,84.0,255.0,0.0,2.0,8.832638477581895e-15,,,
DATA/00305.jpg,Grey,"(134, 200)",112.36634328358208,102.0,255.0,0.0,2.0,6.744257805899909e-15,,,
DATA/00306.jpg,Grey,"(480, 640)",117.33014322916668,115.0,255.0,0.0,2.0,9.751698356552294e-15,,,
DATA/00307.jpg,Grey,"(960, 1280)",109.26439778645832,103.0,255.0,0.0,-1.0,-1.0,,,
DATA/00308.jpg,Grey,"(480, 800)",123.48666927083332,136.0,255.0,0.0,2.0,7.076892841478269e-15,,,
DATA/00309.jpg,Grey,"(480, 640)",100.83640625,91.0,255.0,0.0,2.0,5.275646952165119e-15,,,
DATA/00310.jpg,Grey,"(360, 424)",141.2593356918239,141.0,255.0,0.0,2.0,8.885060728944722e-15,,,
DATA/00311.jpg,Grey,"(280, 280)",97.04399234693878,85.0,255.0,2.0,2.0,6.976422002992349e-15,,,
DATA/00312.jpg,Grey,"(480, 640)",105.53542643229169,92.0,255.0,0.0,2.0,6.438604402003256e-15,,,
DATA/00313.jpg,Grey,"(334, 500)",121.30942514970059,121.0,255.0,0.0,2.0,8.797983054103949e-15,,,
DATA/00314.jpg,Grey,"(480, 640)",126.25634114583332,108.0,255.0,0.0,2.0,7.91286099723665e-15,,,
DATA/00315.jpg,Grey,"(1386, 2100)",199.00329794544083,255.0,255.0,0.0,-1.0,-1.0,,,
DATA/00316.jpg,Grey,"(210, 292)",103.15724070450098,99.0,255.0,0.0,2.0,8.759641063213327e-15,,,
DATA/00317.jpg,Grey,"(224, 300)",94.3458779761905,81.0,242.0,0.0,2.0,7.027068199643042e-15,,,
DATA/00318.jpg,Grey,"(416, 625)",102.80915,93.0,255.0,0.0,2.0,7.622047013984715e-15,,,
DATA/00319.jpg,Grey,"(431, 575)",110.36972863916071,103.0,255.0,0.0,2.0,8.852197182963768e-15,,,
DATA/00320.jpg,Grey,"(300, 514)",139.74800259403372,144.0,255.0,0.0,2.0,8.11153091947659e-15,,,
DATA/00321.jpg,Grey,"(480, 640)",142.98051432291666,127.0,255.0,19.0,2.0,8.293695437790914e-15,,,
DATA/00322.jpg,Grey,"(768, 1024)",144.75214004516604,149.0,255.0,0.0,-1.0,-1.0,,,
DATA/00323.jpg,Grey,"(536, 800)",96.60180970149254,102.0,255.0,0.0,2.0,6.08046271107479e-15,,,
DATA/00324.jpg,Grey,"(131, 210)",147.7538713195202,174.0,255.0,0.0,2.0,1.0205438452334404e-14,,,
DATA/00325.jpg,Grey,"(200, 300)",130.55103333333332,146.0,255.0,0.0,2.0,9.918966208609259e-15,,,
DATA/00326.jpg,Grey,"(261, 450)",96.60459770114944,85.0,255.0,0.0,2.0,7.513129285885485e-15,,,
DATA/00327.jpg,Grey,"(366, 550)",133.28793840039742,133.0,255.0,0.0,2.0,8.701139584273419e-15,,,
DATA/00328.jpg,Grey,"(199, 300)",144.8913902847571,135.0,255.0,24.0,2.0,9.319724195890892e-15,,,
DATA/00329.jpg,Grey,"(500, 700)",122.29445142857143,112.0,255.0,0.0,2.0,9.419376600676885e-15,,,
DATA/00330.jpg,Grey,"(333, 500)",176.09173573573574,185.0,255.0,0.0,2.0,1.2252339482885368e-14,,,
DATA/00331.jpg,Grey,"(480, 640)",114.7037890625,110.0,255.0,0.0,2.0,9.4358071925896e-15,,,
DATA/00332.jpg,Grey,"(396, 660)",187.0130318334864,232.0,255.0,0.0,2.0,1.2873603048724214e-14,,,
DATA/00333.jpg,Grey,"(354, 500)",151.03610734463277,176.0,255.0,0.0,2.0,9.442665039258689e-15,,,
DATA/00334.jpg,Grey,"(900, 1440)",119.29700385802471,100.0,255.0,0.0,-1.0,-1.0,,,
DATA/00335.jpg,Grey,"(194, 259)",118.28207220475262,120.0,255.0,0.0,2.0,9.03119574194042e-15,,,
DATA/00337.jpg,Grey,"(368, 550)",159.69973320158104,206.0,255.0,0.0,2.0,7.747243407664411e-15,,,
DATA/00338.jpg,Grey,"(360, 480)",143.72008680555555,163.0,255.0,3.0,2.0,9.495881653051365e-15,,,
DATA/00339.jpg,Grey,"(183, 276)",108.87792032945276,67.0,255.0,0.0,2.0,5.150317283235999e-15,,,
DATA/00340.jpg,Grey,"(406, 600)",36.661063218390815,12.0,255.0,0.0,2.0,5.368507358194332e-15,,,
DATA/00341.jpg,Grey,"(768, 1024)",106.45257186889648,84.0,255.0,12.0,-1.0,-1.0,,,
DATA/00342.jpg,Grey,"(473, 630)",132.4173059498641,131.0,255.0,0.0,2.0,8.991276921218573e-15,,,
DATA/00343.jpg,Grey,"(600, 800)",129.3285625,108.0,255.0,13.0,2.0,8.868279539367714e-15,,,
DATA/00344.jpg,Grey,"(537, 800)",126.67914804469272,131.0,255.0,0.0,2.0,8.155211055220979e-15,,,
DATA/00345.jpg,Grey,"(194, 259)",130.81317915853998,91.0,255.0,0.0,2.0,5.476846963991808e-15,,,
DATA/00346.jpg,Grey,"(2013, 2992)",129.5872556989196,104.0,255.0,7.0,-1.0,-1.0,,,
DATA/00348.jpg,Grey,"(295, 540)",186.60252354048959,241.0,255.0,0.0,2.0,6.9653957756679505e-15,,,
DATA/00349.jpg,Grey,"(752, 1000)",129.63530851063828,119.0,255.0,3.0,-1.0,-1.0,,,
DATA/00350.jpg,Grey,"(194, 259)",111.8827966405286,121.0,255.0,0.0,2.0,6.015630690455742e-15,,,
DATA/00351.jpg,Grey,"(321, 500)",120.22116510903429,116.0,255.0,0.0,2.0,9.359763932877377e-15,,,
DATA/00352.jpg,Grey,"(360, 480)",98.97332754629628,92.0,255.0,0.0,2.0,9.132714965279863e-15,,,
DATA/00353.jpg,Grey,"(312, 500)",64.44869871794872,29.0,255.0,0.0,2.0,5.982049414600022e-15,,,
DATA/00355.jpg,Grey,"(768, 1024)",122.07723490397137,142.0,255.0,0.0,-1.0,-1.0,,,
DATA/00357.jpg,Grey,"(317, 440)",117.14754086607401,111.0,255.0,0.0,2.0,7.262759096172959e-15,,,
DATA/00358.jpg,Grey,"(465, 620)",146.58544571626777,125.0,255.0,5.0,2.0,9.717444899639772e-15,,,
DATA/00359.jpg,Grey,"(480, 640)",131.20962565104168,137.0,255.0,5.0,2.0,9.277083205838572e-15,,,
DATA/00360.jpg,Grey,"(194, 259)",140.22099271583807,138.0,255.0,0.0,2.0,9.715038089904656e-15,,,
DATA/00362.jpg,Grey,"(480, 640)",124.40525390625,137.0,255.0,0.0,2.0,9.105119457531419e-15,,,
DATA/00363.jpg,Grey,"(360, 424)",115.36234276729559,114.0,255.0,0.0,2.0,7.043167132522696e-15,,,
DATA/00364.jpg,Grey,"(225, 300)",129.86902222222218,106.0,255.0,0.0,2.0,6.641368279676121e-15,,,
DATA/00365.jpg,Grey,"(500, 666)",117.53126126126128,83.0,255.0,0.0,2.0,8.258387974043981e-15,,,
DATA/00366.jpg,Grey,"(355, 538)",91.88374260432484,69.0,255.0,0.0,2.0,6.128987129567594e-15,,,
DATA/00367.jpg,Grey,"(420, 630)",99.53972033257747,96.0,255.0,0.0,2.0,5.8728005115419685e-15,,,
DATA/00368.jpg,Grey,"(240, 320)",117.67731770833332,121.0,255.0,0.0,2.0,9.489075606938186e-15,,,
DATA/00369.jpg,Grey,"(426, 640)",139.49503007629107,165.0,255.0,0.0,2.0,7.949119399195614e-15,,,
DATA/00370.jpg,Grey,"(386, 616)",113.50408367539195,93.0,255.0,0.0,2.0,7.94655453010451e-15,,,
DATA/00371.jpg,Grey,"(280, 433)",89.73874958759485,81.0,255.0,0.0,2.0,8.256971024811085e-15,,,
DATA/00372.jpg,Grey,"(532, 800)",122.31204887218044,138.0,255.0,0.0,2.0,9.102560701687937e-15,,,
DATA/00373.jpg,Grey,"(768, 1024)",125.4614715576172,122.0,255.0,0.0,-1.0,-1.0,,,
DATA/00374.jpg,Grey,"(563, 750)",159.8799952634695,166.0,255.0,0.0,2.0,1.1927190594341768e-14,,,
DATA/00375.jpg,Grey,"(457, 824)",105.29052654500649,107.0,255.0,0.0,2.0,7.801588359108961e-15,,,
DATA/00376.jpg,Grey,"(768, 1024)",95.1904067993164,86.0,255.0,0.0,-1.0,-1.0,,,
DATA/00377.jpg,Grey,"(480, 640)",86.40248697916668,72.0,255.0,0.0,2.0,5.999821630975353e-15,,,
DATA/00378.jpg,Grey,"(242, 300)",113.7236776859504,115.0,255.0,0.0,2.0,6.164658590374937e-15,,,
DATA/00380.jpg,Grey,"(423, 624)",106.22123340607384,82.0,255.0,0.0,2.0,9.787996648453422e-15,,,
DATA/00381.jpg,Grey,"(373, 500)",113.09927613941021,98.0,255.0,0.0,2.0,7.344697702469378e-15,,,
DATA/00382.jpg,Grey,"(375, 500)",92.786912,84.0,255.0,0.0,2.0,6.036536238054076e-15,,,
DATA/00383.jpg,Grey,"(480, 640)",133.28986979166666,142.0,255.0,0.0,2.0,8.921119263943664e-15,,,
DATA/00384.jpg,Grey,"(355, 569)",117.29090324017922,130.0,255.0,0.0,2.0,9.35556248924443e-15,,,
DATA/00385.jpg,Grey,"(451, 677)",94.02132467813198,64.0,255.0,9.0,2.0,6.370741763534701e-15,,,
DATA/00386.jpg,Grey,"(1024, 1280)",142.74736862182618,161.0,255.0,0.0,-1.0,-1.0,,,
DATA/00387.jpg,Grey,"(680, 1023)",90.51079293887643,81.0,255.0,0.0,-1.0,-1.0,,,
DATA/00388.jpg,Grey,"(192, 256)",86.60699462890625,81.0,255.0,0.0,2.0,5.90987403809361e-15,,,
DATA/00389.jpg,Grey,"(360, 424)",146.91736766247382,150.0,255.0,2.0,2.0,1.1025364823209326e-14,,,
DATA/00390.jpg,Grey,"(504, 800)",98.16989335317459,61.0,255.0,0.0,-1.0,-1.0,,,
DATA/00392.jpg,Grey,"(768, 1024)",116.08008702596027,121.0,255.0,0.0,2.0,8.088603671222836e-15,,,
DATA/00393.jpg,Grey,"(768, 1024)",132.13766733805338,138.0,255.0,0.0,-1.0,-1.0,,,
DATA/00394.jpg,Grey,"(480, 720)",42.120167824074066,37.0,255.0,0.0,2.0,2.607981917348552e-15,,,
DATA/00395.jpg,Grey,"(194, 259)",114.56197508259363,111.0,255.0,0.0,2.0,7.05390773482799e-15,,,
DATA/00396.jpg,Grey,"(375, 500)",121.35260266666668,134.0,255.0,0.0,2.0,8.7965688103872e-15,,,
DATA/00397.jpg,Grey,"(225, 300)",132.17152592592592,134.0,255.0,0.0,2.0,6.951439445002107e-15,,,
DATA/00398.jpg,Grey,"(326, 434)",106.29472590540271,104.0,255.0,0.0,2.0,6.630809749177327e-15,,,
DATA/00399.jpg,Grey,"(469, 750)",121.99385358919687,118.0,255.0,0.0,2.0,1.0246595068982477e-14,,,
DATA/00400.jpg,Grey,"(183, 275)",95.32985593641331,98.0,255.0,0.0,2.0,5.959532752007262e-15,,,
DATA/00401.jpg,Grey,"(235, 380)",100.79049272116457,105.0,255.0,14.0,2.0,6.421572640321318e-15,,,
DATA/00402.jpg,Grey,"(300, 400)",92.64100833333332,73.0,255.0,0.0,2.0,6.15744489583774e-15,,,
DATA/00404.jpg,Grey,"(469, 750)",207.1786894100924,255.0,255.0,0.0,-1.0,-1.0,,,
DATA/00405.jpg,Grey,"(349, 645)",84.8926989627063,85.0,255.0,0.0,2.0,6.356284315934473e-15,,,
DATA/00406.jpg,Grey,"(768, 1024)",120.55108006795248,112.0,255.0,0.0,2.0,6.84215285597386e-15,,,
DATA/00407.jpg,Grey,"(367, 600)",102.19237965485922,86.0,255.0,0.0,2.0,7.368293104291131e-15,,,
DATA/00408.jpg,Grey,"(300, 479)",54.65537926235211,46.0,255.0,0.0,2.0,4.4377833130177475e-15,,,
DATA/00409.jpg,Grey,"(480, 640)",62.65394856770833,45.0,255.0,0.0,2.0,5.730328650241193e-15,,,
DATA/00410.jpg,Grey,"(360, 424)",155.83533805031448,153.0,255.0,0.0,2.0,8.893153796484412e-15,,,
DATA/00411.jpg,Grey,"(330, 600)",96.6595202020202,47.0,255.0,0.0,2.0,6.121526953839402e-15,,,
DATA/00412.jpg,Grey,"(1362, 2048)",128.7088230485958,116.0,255.0,0.0,-1.0,-1.0,,,
DATA/00413.jpg,Grey,"(480, 640)",106.766259765625,107.0,255.0,0.0,2.0,7.454649522704602e-15,,,
DATA/00414.jpg,Grey,"(939, 1600)",114.42176517571885,115.0,255.0,0.0,-1.0,-1.0,,,
DATA/00417.jpg,Grey,"(480, 640)",123.63542317708334,131.0,255.0,0.0,2.0,7.635496466298989e-15,,,
DATA/00418.jpg,Grey,"(300, 400)",98.24884166666666,61.0,255.0,0.0,2.0,6.020950086638864e-15,,,
DATA/00419.jpg,Grey,"(480, 640)",120.57804361979169,120.0,255.0,0.0,2.0,6.3565544328247566e-15,,,
DATA/00420.jpg,Grey,"(333, 500)",71.42895495495495,60.0,255.0,0.0,2.0,5.363137383689247e-15,,,
DATA/00421.jpg,Grey,"(469, 750)",106.72010234541578,111.0,255.0,0.0,2.0,6.869542704759491e-15,,,
DATA/00422.jpg,Grey,"(225, 300)",130.91571851851853,136.0,255.0,0.0,2.0,9.97582957050492e-15,,,
DATA/00423.jpg,Grey,"(480, 640)",82.14376953125,63.0,255.0,0.0,2.0,5.131192513916413e-15,,,
DATA/00424.jpg,Grey,"(330, 440)",134.06565426997244,137.0,255.0,0.0,2.0,8.569645339922443e-15,,,
DATA/00425.jpg,Grey,"(325, 615)",113.75019387116949,119.0,255.0,0.0,2.0,8.223234102229473e-15,,,
DATA/00426.jpg,Grey,"(960, 1280)",87.20782307942709,54.0,255.0,0.0,-1.0,-1.0,,,
DATA/00427.jpg,Grey,"(480, 640)",126.79787434895832,143.0,255.0,0.0,2.0,8.82024040164363e-15,,,
DATA/00428.jpg,Grey,"(480, 640)",125.32384440104168,140.0,255.0,0.0,2.0,8.363794742853441e-15,,,
DATA/00429.jpg,Grey,"(480, 640)",101.57118489583333,99.0,255.0,0.0,2.0,7.270090424085455e-15,,,
DATA/00430.jpg,Grey,"(427, 640)",70.40304083723653,57.0,255.0,0.0,2.0,6.224654680862914e-15,,,
DATA/00431.jpg,Grey,"(480, 640)",130.11448893229166,137.0,255.0,0.0,2.0,9.255105741115349e-15,,,
DATA/00432.jpg,Grey,"(375, 500)",122.636816,125.0,255.0,0.0,2.0,5.477309060783546e-15,,,
DATA/00433.jpg,Grey,"(763, 1022)",84.61144852562113,64.0,255.0,0.0,2.0,6.1803940085964834e-15,,,
DATA/00434.jpg,Grey,"(189, 300)",101.18456790123457,93.0,255.0,26.0,2.0,5.5376300742009754e-15,,,
DATA/00435.jpg,Grey,"(468, 625)",118.02831794871796,102.0,255.0,0.0,2.0,7.96527624605941e-15,,,
DATA/00436.jpg,Grey,"(213, 285)",108.06772094555636,97.0,255.0,0.0,2.0,8.018445672362177e-15,,,
DATA/00437.jpg,Grey,"(333, 428)",94.77082456288065,71.0,255.0,0.0,2.0,5.606910900665153e-15,,,
DATA/00438.jpg,Grey,"(355, 569)",129.36241986187778,134.0,255.0,0.0,2.0,9.272049855404847e-15,,,
DATA/00439.jpg,Grey,"(434, 650)",129.83434952144628,125.0,255.0,0.0,2.0,1.0436831234299551e-14,,,
DATA/00440.jpg,Grey,"(360, 480)",114.75129050925926,112.0,255.0,0.0,2.0,7.673748847845429e-15,,,
DATA/00441.jpg,Grey,"(265, 400)",95.15449056603774,91.0,255.0,0.0,2.0,6.582431806086898e-15,,,
DATA/00442.jpg,Grey,"(360, 424)",153.9927214360587,169.0,255.0,0.0,2.0,1.116008111188658e-14,,,
DATA/00443.jpg,Grey,"(194, 259)",127.9977311626796,125.0,255.0,0.0,2.0,7.836085248104048e-15,,,
DATA/00444.jpg,Grey,"(295, 808)",97.41071908038263,86.0,255.0,0.0,2.0,5.980177586014972e-15,,,
DATA/00446.jpg,Grey,"(320, 480)",117.63190104166668,86.0,255.0,0.0,2.0,8.196450344459603e-15,,,
DATA/00447.jpg,Grey,"(328, 500)",103.99483536585363,109.0,255.0,0.0,2.0,6.0750808491851816e-15,,,
DATA/00448.jpg,Grey,"(480, 640)",127.65993489583332,127.0,255.0,0.0,2.0,8.784373815279377e-15,,,
DATA/00449.jpg,Grey,"(366, 550)",60.68405365126677,28.0,255.0,0.0,2.0,5.20085984881689e-15,,,
DATA/00450.jpg,Grey,"(350, 570)",130.54903258145364,132.0,255.0,0.0,2.0,1.0552586239385983e-14,,,
DATA/00451.jpg,Grey,"(389, 623)",97.19550066639984,98.0,255.0,0.0,2.0,5.861632359243838e-15,,,
DATA/00452.jpg,Grey,"(225, 300)",149.9065185185185,149.0,255.0,0.0,2.0,1.1253591976432308e-14,,,
DATA/00453.jpg,Grey,"(360, 424)",115.95171645702308,112.0,255.0,0.0,2.0,6.033273618679351e-15,,,
DATA/00456.jpg,Grey,"(183, 300)",127.34457194899818,137.0,255.0,0.0,2.0,7.328108028918805e-15,,,
DATA/00457.jpg,Grey,"(513, 640)",114.82389437134505,98.0,255.0,0.0,2.0,7.778011454333809e-15,,,
DATA/00458.jpg,Grey,"(375, 500)",116.441408,75.0,255.0,0.0,2.0,8.384861907174687e-15,,,
DATA/00459.jpg,Grey,"(500, 700)",103.54770571428571,93.0,255.0,0.0,2.0,7.762361739577638e-15,,,
DATA/00460.jpg,Grey,"(768, 1024)",94.36556116739912,73.0,255.0,0.0,2.0,6.143825239104436e-15,,,
DATA/00461.jpg,Grey,"(360, 640)",81.88293402777778,84.0,255.0,0.0,2.0,7.222755249375071e-15,,,
DATA/00462.jpg,Grey,"(64, 85)",111.82591911764706,115.0,255.0,0.0,2.0,7.777641696276166e-15,,,
DATA/00464.jpg,Grey,"(768, 1024)",136.10026041666666,125.0,255.0,0.0,-1.0,-1.0,,,
DATA/00465.jpg,Grey,"(459, 638)",93.94328682361136,65.0,255.0,0.0,2.0,5.743196924560691e-15,,,
DATA/00466.jpg,Grey,"(480, 640)",116.92835286458332,111.0,255.0,6.0,2.0,8.704422288243009e-15,,,
DATA/00467.jpg,Grey,"(194, 259)",132.66829200334354,127.0,255.0,0.0,2.0,8.428493020756071e-15,,,
DATA/00468.jpg,Grey,"(166, 300)",173.18106425702808,230.0,255.0,0.0,2.0,9.782918383279962e-15,,,
DATA/00469.jpg,Grey,"(333, 500)",98.16914714714714,81.0,255.0,0.0,2.0,8.767066314674897e-15,,,
DATA/00470.jpg,Grey,"(209, 420)",52.12221462747779,45.0,255.0,0.0,2.0,4.552691649282143e-15,,,
DATA/00471.jpg,Grey,"(194, 259)",103.35230665127571,92.0,255.0,0.0,2.0,5.704154643372461e-15,,,
DATA/00472.jpg,Grey,"(960, 1852)",183.2095780462563,254.0,255.0,0.0,-1.0,-1.0,,,
DATA/00473.jpg,Grey,"(194, 259)",134.31019384627632,128.0,255.0,0.0,2.0,7.21815827506404e-15,,,
DATA/00474.jpg,Grey,"(389, 625)",119.95721542416453,115.0,255.0,0.0,2.0,1.0490216908000946e-14,,,
DATA/00476.jpg,Grey,"(480, 640)",129.600732421875,120.0,255.0,0.0,2.0,9.71395449578526e-15,,,
DATA/00477.jpg,Grey,"(683, 1024)",99.7586975544473,102.0,255.0,0.0,2.0,6.006524050058989e-15,,,
DATA/00478.jpg,Grey,"(84, 112)",97.60406037414964,80.0,244.0,0.0,2.0,5.4774268413004326e-15,,,
DATA/00479.jpg,Grey,"(533, 800)",90.34673311444651,74.0,255.0,0.0,2.0,5.6612469062941105e-15,,,
DATA/00480.jpg,Grey,"(194, 259)",131.3589937507463,123.0,255.0,0.0,2.0,8.716756649632728e-15,,,
DATA/00481.jpg,Grey,"(182, 277)",75.9673106676717,71.0,255.0,0.0,2.0,6.185822601474079e-15,,,
DATA/00482.jpg,Grey,"(480, 640)",97.44027018229168,76.0,255.0,0.0,2.0,5.660366596924029e-15,,,
DATA/00483.jpg,Grey,"(360, 640)",118.68997395833334,119.0,255.0,0.0,2.0,6.4813869734203864e-15,,,
DATA/00484.jpg,Grey,"(338, 600)",99.54031558185403,68.0,255.0,0.0,2.0,7.016180414740917e-15,,,
DATA/00485.jpg,Grey,"(360, 480)",104.02877314814816,108.0,255.0,0.0,2.0,7.309491952147031e-15,,,
DATA/00486.jpg,Grey,"(480, 640)",129.64826171875,126.0,255.0,0.0,2.0,7.98004544260307e-15,,,
DATA/00487.jpg,Grey,"(225, 300)",124.8072,136.0,255.0,0.0,2.0,9.150167175684081e-15,,,
DATA/00488.jpg,Grey,"(199, 300)",130.6697487437186,135.0,255.0,0.0,2.0,1.092656049513215e-14,,,
DATA/00489.jpg,Grey,"(313, 500)",138.7936741214058,130.0,255.0,0.0,2.0,8.863440970975294e-15,,,
DATA/00490.jpg,Grey,"(194, 259)",125.04330692990489,156.0,255.0,0.0,2.0,7.390183323789655e-15,,,
DATA/00491.jpg,Grey,"(300, 400)",150.71328333333332,147.0,255.0,0.0,2.0,9.478712888993515e-15,,,
DATA/00492.jpg,Grey,"(480, 640)",112.96767252604168,104.0,255.0,0.0,2.0,8.674940812793484e-15,,,
DATA/00493.jpg,Grey,"(500, 700)",125.37630571428572,118.0,255.0,0.0,2.0,9.332029895149818e-15,,,
DATA/00494.jpg,Grey,"(960, 1280)",105.39210611979166,123.0,255.0,0.0,-1.0,-1.0,,,
DATA/00495.jpg,Grey,"(768, 1024)",139.00505828857422,144.0,255.0,0.0,-1.0,-1.0,,,
DATA/00496.jpg,Grey,"(768, 1024)",95.82016372680664,63.0,255.0,0.0,2.0,6.938512254246859e-15,,,
DATA/00497.jpg,Grey,"(311, 470)",167.49725661900527,203.0,255.0,0.0,2.0,9.949938283849742e-15,,,
DATA/00498.jpg,Grey,"(426, 640)",119.30019072769952,112.0,255.0,0.0,2.0,9.567268818506183e-15,,,
DATA/00499.jpg,Grey,"(265, 425)",82.49453496115427,73.0,255.0,0.0,2.0,6.7881330700808105e-15,,,
DATA/00500.jpg,Grey,"(230, 297)",92.50636802810715,86.0,255.0,0.0,2.0,6.957057758019304e-15,,,
DATA/00501.jpg,Grey,"(100, 150)",160.75846666666666,200.0,246.0,0.0,2.0,7.689635173431203e-15,,,
DATA/00502.jpg,Grey,"(84, 112)",115.2216198979592,96.0,255.0,0.0,2.0,8.254525418724895e-15,,,
DATA/00503.jpg,Grey,"(300, 600)",141.43968888888892,147.0,255.0,0.0,2.0,1.090661883197093e-14,,,
DATA/00504.jpg,Grey,"(194, 259)",228.2328145524021,255.0,255.0,0.0,2.0,6.38361981284303e-15,,,
DATA/00505.jpg,Grey,"(194, 259)",107.70749910440632,95.0,255.0,0.0,2.0,7.572057494021335e-15,,,
DATA/00506.jpg,Grey,"(675, 900)",124.03329382716049,113.0,253.0,2.0,2.0,1.1465789585115569e-14,,,
DATA/00507.jpg,Grey,"(469, 750)",142.31387348969437,151.0,255.0,0.0,2.0,1.1579215463234112e-14,,,
DATA/00508.jpg,Grey,"(1200, 1600)",121.70692135416668,92.0,255.0,0.0,-1.0,-1.0,,,
DATA/00509.jpg,Grey,"(375, 590)",92.03934915254236,82.0,255.0,4.0,2.0,5.975842521684325e-15,,,
DATA/00510.jpg,Grey,"(469, 625)",110.42129125799572,121.0,255.0,0.0,2.0,6.707597378515178e-15,,,
DATA/00511.jpg,Grey,"(425, 640)",97.1658529411765,91.0,255.0,0.0,2.0,7.461619189751106e-15,,,
DATA/00512.jpg,Grey,"(183, 276)",157.2432089965946,172.0,255.0,0.0,2.0,1.2187473303207556e-14,,,
DATA/00513.jpg,Grey,"(420, 560)",116.66058673469387,95.0,255.0,0.0,2.0,7.116747147090333e-15,,,
DATA/00514.jpg,Grey,"(200, 300)",109.10881666666668,101.0,255.0,0.0,2.0,7.497478047163308e-15,,,
DATA/00515.jpg,Grey,"(225, 300)",114.27706666666668,128.0,255.0,0.0,2.0,6.005600286994347e-15,,,
DATA/00516.jpg,Grey,"(480, 640)",115.53979817708333,92.0,255.0,0.0,2.0,8.094528389379514e-15,,,
DATA/00517.jpg,Grey,"(698, 1024)",121.69037092585958,103.0,255.0,0.0,-1.0,-1.0,,,
DATA/00518.jpg,Grey,"(194, 259)",144.10118218365642,149.0,255.0,0.0,2.0,7.404377922184636e-15,,,
DATA/00519.jpg,Grey,"(198, 264)",142.06393480257117,131.0,255.0,0.0,2.0,8.547701492083441e-15,,,
DATA/00520.jpg,Grey,"(194, 259)",178.36046650479642,212.0,255.0,0.0,2.0,6.006520588803152e-15,,,
DATA/00521.jpg,Grey,"(480, 640)",66.931162109375,42.0,255.0,0.0,2.0,4.569105485988978e-15,,,
DATA/00522.jpg,Grey,"(71, 94)",128.20527419838177,140.0,255.0,0.0,2.0,7.2737759001279e-15,,,
DATA/00524.jpg,Grey,"(414, 620)",114.02148200093502,119.0,255.0,0.0,2.0,9.230119673256586e-15,,,
DATA/00525.jpg,Grey,"(375, 500)",123.462944,110.0,255.0,8.0,2.0,8.399917497010443e-15,,,
DATA/00526.jpg,Grey,"(194, 259)",135.2571149942284,148.0,255.0,0.0,2.0,1.161859044955631e-14,,,
DATA/00527.jpg,Grey,"(289, 780)",114.45847750865052,113.0,243.0,7.0,2.0,7.538471791286234e-15,,,
DATA/00528.jpg,Grey,"(194, 260)",128.02073750991278,128.5,255.0,0.0,2.0,1.0508140107696384e-14,,,
DATA/00529.jpg,Grey,"(468, 625)",115.56269401709402,110.0,255.0,0.0,2.0,5.8172596008640396e-15,,,
DATA/00530.jpg,Grey,"(194, 259)",102.93738805079012,98.0,255.0,0.0,2.0,5.6753471024740066e-15,,,
DATA/00532.jpg,Grey,"(480, 640)",113.11095703125,107.0,255.0,0.0,2.0,5.2804421537065236e-15,,,
DATA/00533.jpg,Grey,"(312, 500)",99.54398076923077,104.0,255.0,0.0,2.0,6.052513564183592e-15,,,
DATA/00534.jpg,Grey,"(387, 580)",119.7253096320057,129.0,255.0,0.0,2.0,9.72236680286106e-15,,,
DATA/00536.jpg,Grey,"(480, 640)",147.149013671875,145.0,255.0,6.0,2.0,8.08303360890373e-15,,,
DATA/00537.jpg,Grey,"(1023, 764)",89.56763804230448,58.0,255.0,0.0,-1.0,-1.0,,,
DATA/00538.jpg,Grey,"(957, 1600)",96.98808973354231,102.0,255.0,0.0,2.0,5.695688016389288e-15,,,
DATA/00539.jpg,Grey,"(329, 438)",139.4889661489778,120.0,255.0,0.0,2.0,5.848441788166916e-15,,,
DATA/00540.jpg,Grey,"(166, 300)",114.57580321285141,126.0,252.0,1.0,2.0,9.917028156645907e-15,,,
DATA/00541.jpg,Grey,"(225, 300)",122.6691851851852,124.0,255.0,0.0,2.0,8.42999947183247e-15,,,
DATA/00542.jpg,Grey,"(480, 640)",111.22560221354166,113.0,255.0,0.0,2.0,5.793875192438014e-15,,,
DATA/00543.jpg,Grey,"(300, 400)",92.58906666666668,87.0,255.0,0.0,2.0,5.9775749356456185e-15,,,
DATA/00546.jpg,Grey,"(333, 500)",91.216996996997,77.0,255.0,0.0,2.0,6.636184457726055e-15,,,
DATA/00547.jpg,Grey,"(433, 650)",155.85043169301832,159.0,255.0,0.0,2.0,1.164900620658508e-14,,,
DATA/00548.jpg,Grey,"(194, 259)",93.81134816701828,85.0,252.0,0.0,2.0,5.9187236548250585e-15,,,
DATA/00549.jpg,Grey,"(273, 554)",98.46613374591713,90.0,255.0,0.0,2.0,5.564852786583002e-15,,,
DATA/00550.jpg,Grey,"(266, 400)",131.7196522556391,138.0,255.0,0.0,2.0,9.533117803345428e-15,,,
DATA/00551.jpg,Grey,"(571, 800)",111.20904553415062,88.0,255.0,0.0,2.0,8.539282497795947e-15,,,
DATA/00552.jpg,Grey,"(178, 283)",98.61726287370468,99.0,255.0,0.0,2.0,6.473300532269431e-15,,,
DATA/00553.jpg,Grey,"(396, 646)",76.90173796791444,61.0,255.0,0.0,2.0,5.676533506062032e-15,,,
DATA/00554.jpg,Grey,"(240, 320)",130.71916666666667,134.0,255.0,0.0,2.0,1.0343688404382186e-14,,,
DATA/00555.jpg,Grey,"(371, 640)",102.74364049865231,110.0,255.0,6.0,2.0,5.67899773484007e-15,,,
DATA/00556.jpg,Grey,"(680, 1024)",147.03643870634193,149.0,255.0,0.0,-1.0,-1.0,,,
DATA/00557.jpg,Grey,"(600, 800)",133.76501041666666,131.0,255.0,0.0,2.0,9.298007824606041e-15,,,
DATA/00558.jpg,Grey,"(416, 555)",86.74541320166321,79.0,255.0,0.0,2.0,5.8725072929587926e-15,,,
DATA/00559.jpg,Grey,"(480, 640)",91.77966796875,62.0,255.0,0.0,2.0,5.141902982024065e-15,,,
DATA/00560.jpg,Grey,"(194, 259)",121.72590853003223,125.0,255.0,0.0,2.0,7.61676093745338e-15,,,
DATA/00561.jpg,Grey,"(480, 640)",147.46425455729167,136.0,255.0,0.0,2.0,1.0273413029645723e-14,,,
DATA/00562.jpg,Grey,"(300, 400)",127.25350833333331,121.0,255.0,0.0,2.0,7.673148777338244e-15,,,
DATA/00564.jpg,Grey,"(427, 640)",120.97366803278689,128.0,255.0,0.0,2.0,8.720287844398567e-15,,,
DATA/00565.jpg,Grey,"(600, 800)",100.14965,96.0,255.0,0.0,2.0,5.89247311633746e-15,,,
DATA/00567.jpg,Grey,"(191, 264)",136.25118990956688,134.0,255.0,0.0,2.0,9.52343688817283e-15,,,
DATA/00568.jpg,Grey,"(360, 424)",145.9659591194969,152.0,255.0,0.0,2.0,7.633757041872054e-15,,,
DATA/00570.jpg,Grey,"(194, 259)",113.56454245114037,113.0,255.0,0.0,2.0,7.191521112662541e-15,,,
DATA/00571.jpg,Grey,"(194, 259)",82.24354177446959,91.0,255.0,0.0,2.0,5.8910933991716994e-15,,,
DATA/00572.jpg,Grey,"(768, 1024)",115.3867301940918,88.0,255.0,3.0,2.0,8.866672018210263e-15,,,
DATA/00574.jpg,Grey,"(421, 750)",134.0953539192399,140.0,255.0,51.0,2.0,1.0829569233238399e-14,,,
DATA/00575.jpg,Grey,"(480, 640)",90.650537109375,57.0,255.0,0.0,2.0,5.153109467490144e-15,,,
DATA/00576.jpg,Grey,"(194, 259)",118.7066632169725,106.0,255.0,0.0,2.0,8.447590406260941e-15,,,
DATA/00577.jpg,Grey,"(313, 720)",104.45281771388001,116.0,255.0,0.0,2.0,5.931981544063585e-15,,,
DATA/00578.jpg,Grey,"(949, 1280)",109.96297253688091,120.0,255.0,0.0,-1.0,-1.0,,,
DATA/00579.jpg,Grey,"(320, 495)",96.8961553030303,80.0,255.0,0.0,2.0,8.851255547408418e-15,,,
DATA/00581.jpg,Grey,"(863, 1280)",120.50067895422943,112.0,255.0,0.0,-1.0,-1.0,,,
DATA/00582.jpg,Grey,"(130, 222)",93.21652806652807,82.0,255.0,0.0,2.0,6.135187703736866e-15,,,
DATA/00583.jpg,Grey,"(363, 600)",92.22650137741049,91.0,255.0,0.0,2.0,7.91701371807109e-15,,,
DATA/00584.jpg,Grey,"(603, 986)",105.97469885192024,118.0,255.0,0.0,-1.0,-1.0,,,
DATA/00585.jpg,Grey,"(1067, 1600)",124.43588331771322,123.0,255.0,0.0,-1.0,-1.0,,,
DATA/00586.jpg,Grey,"(194, 259)",124.50015921665407,123.0,255.0,0.0,2.0,9.251091542665735e-15,,,
DATA/00587.jpg,Grey,"(341, 513)",122.2147736561998,102.0,255.0,0.0,2.0,1.0177725682190395e-14,,,
DATA/00588.jpg,Grey,"(194, 259)",105.08390717669069,104.0,255.0,0.0,2.0,6.766806162745384e-15,,,
DATA/00589.jpg,Grey,"(403, 607)",153.82212075005825,168.0,255.0,0.0,2.0,1.2307263051082821e-14,,,
DATA/00590.jpg,Grey,"(204, 300)",130.07831699346406,133.0,255.0,0.0,2.0,1.035203555023294e-14,,,
DATA/00591.jpg,Grey,"(480, 640)",130.15307942708333,102.0,255.0,0.0,2.0,9.178019752304791e-15,,,
DATA/00592.jpg,Grey,"(480, 640)",151.90521484375,172.0,255.0,0.0,2.0,1.0913810448302373e-14,,,
DATA/00593.jpg,Grey,"(194, 259)",123.35294351789196,132.0,255.0,0.0,2.0,8.391500057927827e-15,,,
DATA/00594.jpg,Grey,"(480, 640)",137.87341471354168,139.0,255.0,0.0,2.0,7.843006046968456e-15,,,
DATA/00595.jpg,Grey,"(480, 640)",110.63047200520832,99.0,255.0,0.0,2.0,6.765525793112745e-15,,,
DATA/00596.jpg,Grey,"(161, 216)",129.9796698872786,123.0,255.0,0.0,2.0,9.510991222009948e-15,,,
DATA/00597.jpg,Grey,"(480, 640)",120.60241536458334,124.0,255.0,0.0,2.0,9.138046019037045e-15,,,
DATA/00598.jpg,Grey,"(221, 300)",122.85745098039213,110.0,255.0,0.0,2.0,8.731382529126655e-15,,,
DATA/00599.jpg,Grey,"(360, 480)",122.75623842592593,117.0,255.0,0.0,2.0,1.0257296522649629e-14,,,
DATA/00600.jpg,Grey,"(200, 400)",111.1833125,122.0,255.0,0.0,2.0,5.648311984417136e-15,,,
DATA/00601.jpg,Grey,"(768, 1024)",117.30252965291339,99.0,255.0,0.0,2.0,9.028791585662035e-15,,,
DATA/00602.jpg,Grey,"(424, 628)",120.77951493209947,73.0,255.0,0.0,2.0,4.721809850102189e-15,,,
DATA/00603.jpg,Grey,"(163, 217)",100.69076361991465,91.0,255.0,0.0,2.0,6.090968925257679e-15,,,
DATA/00604.jpg,Grey,"(492, 786)",126.82806584745235,121.0,255.0,0.0,2.0,9.214673852166807e-15,,,
DATA/00605.jpg,Grey,"(1050, 1680)",76.81897278911566,74.0,255.0,0.0,-1.0,-1.0,,,
DATA/00606.jpg,Grey,"(768, 1024)",115.59171422322588,113.0,255.0,0.0,2.0,9.207954913952974e-15,,,
DATA/00607.jpg,Grey,"(480, 640)",140.72321614583333,160.0,255.0,0.0,2.0,9.516850072192992e-15,,,
DATA/00608.jpg,Grey,"(596, 1200)",145.96826621923938,145.0,255.0,0.0,-1.0,-1.0,,,
DATA/00609.jpg,Grey,"(161, 231)",94.307762630744,94.0,255.0,0.0,2.0,7.401440500498353e-15,,,
DATA/00610.jpg,Grey,"(1536, 2048)",108.65605608622236,97.0,255.0,0.0,-1.0,-1.0,,,
DATA/00611.jpg,Grey,"(480, 640)",111.75763997395832,108.0,255.0,0.0,2.0,5.7997013682221754e-15,,,
DATA/00612.jpg,Grey,"(480, 640)",132.6360286458333,139.0,255.0,0.0,2.0,6.3406080117333655e-15,,,
DATA/00613.jpg,Grey,"(505, 622)",90.39827767342648,66.0,255.0,0.0,2.0,8.521611183987086e-15,,,
DATA/00614.jpg,Grey,"(768, 1024)",113.81466674804688,116.0,255.0,0.0,-1.0,-1.0,,,
DATA/00615.jpg,Grey,"(768, 1024)",109.63007354736328,94.0,255.0,0.0,-1.0,-1.0,,,
DATA/00616.jpg,Grey,"(533, 800)",107.14701454033772,128.0,255.0,0.0,2.0,8.24613152940472e-15,,,
DATA/00617.jpg,Grey,"(480, 640)",107.965517578125,91.0,255.0,0.0,2.0,7.692192597970838e-15,,,
DATA/00619.jpg,Grey,"(240, 320)",87.02518229166668,64.0,255.0,0.0,2.0,5.358261138099563e-15,,,
DATA/00620.jpg,Grey,"(768, 1024)",105.72964731852215,111.0,255.0,0.0,-1.0,-1.0,,,
DATA/00621.jpg,Grey,"(535, 800)",114.79037383177572,107.0,255.0,0.0,2.0,6.026934003039825e-15,,,
DATA/00622.jpg,Grey,"(386, 580)",91.8870421654458,96.0,255.0,0.0,2.0,5.0992979831449315e-15,,,
DATA/00623.jpg,Grey,"(440, 640)",105.35259943181818,94.0,255.0,0.0,2.0,8.173303670667553e-15,,,
DATA/00624.jpg,Grey,"(288, 512)",129.9121568467882,137.0,255.0,0.0,2.0,1.0881774705067213e-14,,,
DATA/00625.jpg,Grey,"(372, 660)",79.16214157706094,67.0,255.0,0.0,2.0,6.40205619210264e-15,,,
DATA/00626.jpg,Grey,"(300, 400)",129.30404166666668,127.0,255.0,0.0,2.0,8.363629290778834e-15,,,
DATA/00627.jpg,Grey,"(318, 520)",63.79022738268021,51.0,255.0,0.0,2.0,5.633239293279737e-15,,,
DATA/00628.jpg,Grey,"(225, 300)",85.29943703703705,64.0,255.0,0.0,2.0,5.93533605073729e-15,,,
DATA/00629.jpg,Grey,"(194, 259)",122.86094415475858,129.0,255.0,0.0,2.0,9.347338818761534e-15,,,
DATA/00630.jpg,Grey,"(587, 800)",112.48827512776829,110.0,255.0,2.0,2.0,6.140100311971307e-15,,,
DATA/00631.jpg,Grey,"(180, 281)",82.63546856465005,75.0,255.0,0.0,2.0,6.0116136906616184e-15,,,
DATA/00632.jpg,Grey,"(768, 1024)",90.87947972615558,91.0,255.0,3.0,-1.0,-1.0,,,
DATA/00633.jpg,Grey,"(980, 653)",105.51759852486171,113.0,255.0,0.0,2.0,7.964641308706171e-15,,,
DATA/00634.jpg,Grey,"(168, 300)",57.10654761904761,33.0,255.0,0.0,2.0,6.9416228946287065e-15,,,
DATA/00636.jpg,Grey,"(300, 400)",103.06459166666669,89.0,255.0,7.0,2.0,5.55167642350912e-15,,,
DATA/00637.jpg,Grey,"(540, 900)",112.65965226337448,88.0,255.0,0.0,2.0,9.883044204992321e-15,,,
DATA/00638.jpg,Grey,"(194, 259)",136.8711141185368,130.0,255.0,0.0,2.0,8.814934263159969e-15,,,
DATA/00639.jpg,Grey,"(533, 800)",81.93056519699813,78.0,255.0,0.0,2.0,6.4400390592861225e-15,,,
DATA/00640.jpg,Grey,"(455, 608)",129.13486480624638,133.0,255.0,12.0,2.0,9.849675756636504e-15,,,
DATA/00641.jpg,Grey,"(480, 640)",140.14038736979165,134.0,255.0,0.0,2.0,7.605646284943932e-15,,,
DATA/00642.jpg,Grey,"(198, 300)",133.21048821548825,143.0,255.0,0.0,2.0,7.675458528411834e-15,,,
DATA/00643.jpg,Grey,"(450, 600)",113.09256296296296,109.0,255.0,0.0,2.0,6.0288759073359e-15,,,
DATA/00644.jpg,Grey,"(480, 640)",213.011611328125,255.0,255.0,0.0,-1.0,-1.0,,,
DATA/00645.jpg,Grey,"(151, 333)",205.98846528647854,255.0,255.0,0.0,2.0,7.777243554439425e-15,,,
DATA/00646.jpg,Grey,"(225, 300)",111.61306666666668,107.0,255.0,0.0,2.0,6.8575725198779296e-15,,,
DATA/00648.jpg,Grey,"(150, 240)",74.66027777777778,48.0,255.0,0.0,2.0,6.0762988366196876e-15,,,
DATA/00649.jpg,Grey,"(440, 994)",131.580096488019,130.0,255.0,0.0,2.0,9.678426735906263e-15,,,
DATA/00650.jpg,Grey,"(375, 497)",115.9484533869886,101.0,255.0,0.0,2.0,9.08648721959988e-15,,,
DATA/00651.jpg,Grey,"(534, 800)",146.1086657303371,174.0,252.0,0.0,2.0,9.89833901902207e-15,,,
DATA/00652.jpg,Grey,"(156, 322)",143.80769230769232,141.0,255.0,0.0,2.0,5.17011217607263e-15,,,
DATA/00653.jpg,Grey,"(150, 200)",96.7873,92.0,255.0,0.0,2.0,6.031248134636089e-15,,,
DATA/00654.jpg,Grey,"(600, 800)",121.42585208333334,117.0,255.0,0.0,2.0,9.577298365530443e-15,,,
DATA/00656.jpg,Grey,"(313, 468)",99.68503044701129,73.0,255.0,0.0,2.0,6.9770162573439746e-15,,,
DATA/00657.jpg,Grey,"(184, 275)",96.910395256917,84.0,255.0,0.0,2.0,7.842557459434076e-15,,,
DATA/00659.jpg,Grey,"(768, 1024)",140.82673517862958,124.0,255.0,0.0,-1.0,-1.0,,,
DATA/00660.jpg,Grey,"(426, 640)",79.02268926056337,76.0,250.0,0.0,2.0,5.410143819428968e-15,,,
DATA/00661.jpg,Grey,"(360, 424)",129.57041404612158,112.0,255.0,0.0,2.0,7.829560467197791e-15,,,
DATA/00662.jpg,Grey,"(480, 640)",113.837822265625,93.0,255.0,0.0,2.0,6.047646314186686e-15,,,
DATA/00663.jpg,Grey,"(500, 700)",98.8293,105.0,255.0,0.0,2.0,6.153738451164126e-15,,,
DATA/00664.jpg,Grey,"(485, 728)",136.31844341225784,159.0,255.0,0.0,2.0,9.930790875728502e-15,,,
DATA/00665.jpg,Grey,"(194, 259)",105.27584285316244,113.0,255.0,0.0,2.0,8.854187039218747e-15,,,
DATA/00666.jpg,Grey,"(562, 750)",123.64717674970345,104.0,255.0,0.0,2.0,1.0751022799934758e-14,,,
DATA/00667.jpg,Grey,"(375, 500)",105.81111999999999,100.0,255.0,0.0,2.0,8.323914390417057e-15,,,
DATA/00668.jpg,Grey,"(183, 275)",65.82847491306508,34.0,255.0,0.0,2.0,7.500374578037598e-15,,,
DATA/00669.jpg,Grey,"(194, 259)",86.20136926322495,86.0,255.0,0.0,2.0,5.74706243128151e-15,,,
DATA/00670.jpg,Grey,"(366, 550)",170.54261301539992,253.0,255.0,0.0,-1.0,-1.0,,,
DATA/00671.jpg,Grey,"(349, 523)",132.3856689695223,155.0,255.0,0.0,2.0,1.2095713552985291e-14,,,
DATA/00672.jpg,Grey,"(194, 259)",112.39105600445806,116.0,255.0,0.0,2.0,8.050106734389497e-15,,,
DATA/00673.jpg,Grey,"(189, 300)",73.39694885361553,55.0,255.0,0.0,2.0,6.484278592222699e-15,,,
DATA/00674.jpg,Grey,"(124, 166)",106.71322386319471,103.0,255.0,0.0,2.0,8.180752712702834e-15,,,
DATA/00675.jpg,Grey,"(782, 1280)",118.92222866048591,116.0,255.0,0.0,-1.0,-1.0,,,
DATA/00676.jpg,Grey,"(480, 640)",129.280908203125,118.0,255.0,7.0,2.0,7.357420425411738e-15,,,
DATA/00677.jpg,Grey,"(168, 224)",197.88961522108843,255.0,255.0,0.0,2.0,7.108660052377922e-15,,,
DATA/00678.jpg,Grey,"(768, 1024)",122.79681142171222,116.0,255.0,0.0,-1.0,-1.0,,,
DATA/00680.jpg,Grey,"(200, 300)",110.45038333333332,83.0,255.0,0.0,2.0,7.628192803660291e-15,,,
DATA/00681.jpg,Grey,"(365, 590)",111.48148130949616,111.0,255.0,0.0,2.0,7.567352108286184e-15,,,
DATA/00682.jpg,Grey,"(240, 320)",111.7718359375,129.0,255.0,3.0,2.0,9.742319327952535e-15,,,
DATA/00683.jpg,Grey,"(315, 592)",147.1956349206349,174.0,255.0,0.0,2.0,1.0326739101407759e-14,,,
DATA/00684.jpg,Grey,"(469, 750)",126.7097171286425,97.0,255.0,0.0,2.0,7.818363911937092e-15,,,
DATA/00686.jpg,Grey,"(225, 400)",113.87681111111112,137.0,255.0,0.0,2.0,5.955904295426929e-15,,,
DATA/00689.jpg,Grey,"(360, 424)",158.813266509434,164.0,255.0,0.0,2.0,8.303937235861689e-15,,,
DATA/00690.jpg,Grey,"(300, 450)",93.66816296296295,92.0,255.0,0.0,2.0,6.0777137740798206e-15,,,
DATA/00692.jpg,Grey,"(360, 720)",97.53835648148147,89.0,255.0,0.0,2.0,6.866941898425388e-15,,,
DATA/00693.jpg,Grey,"(768, 1024)",129.10644404093424,154.0,255.0,0.0,-1.0,-1.0,,,
DATA/00694.jpg,Grey,"(194, 259)",208.00139314572303,255.0,255.0,0.0,2.0,5.487604812063757e-15,,,
DATA/00695.jpg,Grey,"(480, 640)",165.64778971354167,190.0,255.0,0.0,-1.0,-1.0,,,
DATA/00696.jpg,Grey,"(431, 575)",124.80252597599112,121.0,255.0,0.0,2.0,1.0948293031445744e-14,,,
DATA/00697.jpg,Grey,"(450, 600)",94.6454925925926,83.0,255.0,0.0,2.0,5.755493626970846e-15,,,
DATA/00698.jpg,Grey,"(195, 259)",127.76869616869615,147.0,255.0,0.0,2.0,9.482885306096376e-15,,,
DATA/00699.jpg,Grey,"(425, 640)",126.08780514705884,131.0,255.0,0.0,2.0,8.598968125624055e-15,,,
DATA/00700.jpg,Grey,"(360, 480)",125.05129629629627,113.0,255.0,4.0,2.0,7.339508805804822e-15,,,
DATA/00701.jpg,Grey,"(199, 300)",130.60283082077052,150.0,255.0,0.0,2.0,1.0401582601933062e-14,,,
DATA/00702.jpg,Grey,"(1067, 1600)",119.37119259606371,119.0,255.0,0.0,2.0,8.883470493789127e-15,,,
DATA/00703.jpg,Grey,"(360, 480)",124.96111111111112,119.0,255.0,0.0,2.0,9.697186900339015e-15,,,
DATA/00704.jpg,Grey,"(480, 640)",138.183037109375,154.0,255.0,0.0,2.0,1.1126340315587494e-14,,,
DATA/00705.jpg,Grey,"(263, 350)",126.43990222705051,127.0,255.0,0.0,2.0,8.059315739405702e-15,,,
DATA/00706.jpg,Grey,"(480, 640)",112.89773763020834,103.0,255.0,4.0,2.0,8.64010338915349e-15,,,
DATA/00707.jpg,Grey,"(439, 700)",111.3076342336479,104.0,255.0,0.0,2.0,6.165590083527064e-15,,,
DATA/00708.jpg,Grey,"(684, 1024)",143.4580249451754,163.0,255.0,8.0,-1.0,-1.0,,,
DATA/00710.jpg,Grey,"(177, 284)",57.67008832656958,38.0,255.0,0.0,2.0,5.6970585193954626e-15,,,
DATA/00711.jpg,Grey,"(429, 640)",92.69914044289044,61.0,255.0,0.0,2.0,7.251522488748352e-15,,,
DATA/00713.jpg,Grey,"(768, 1024)",115.89960479736328,93.0,250.0,0.0,-1.0,-1.0,,,
DATA/00714.jpg,Grey,"(400, 640)",137.93022265625,138.0,255.0,0.0,2.0,1.0550909172297594e-14,,,
DATA/00715.jpg,Grey,"(500, 700)",110.71209142857144,77.0,255.0,0.0,2.0,7.494258021183471e-15,,,
DATA/00716.jpg,Grey,"(194, 260)",160.63998810467882,227.0,255.0,0.0,2.0,1.0989001398714844e-14,,,
DATA/00717.jpg,Grey,"(480, 640)",117.88747721354169,131.0,255.0,0.0,2.0,6.8744713242171546e-15,,,
DATA/00718.jpg,Grey,"(853, 1280)",168.50936126172334,195.0,255.0,0.0,-1.0,-1.0,,,
DATA/00719.jpg,Grey,"(387, 580)",114.51269268466541,104.0,255.0,0.0,2.0,8.32958076400346e-15,,,
DATA/00720.jpg,Grey,"(120, 160)",141.64375,144.0,255.0,0.0,2.0,9.208687082038788e-15,,,
DATA/00721.jpg,Grey,"(360, 480)",158.6810590277778,175.0,255.0,2.0,2.0,9.16807726571028e-15,,,
DATA/00722.jpg,Grey,"(480, 640)",128.53361979166667,135.0,255.0,0.0,2.0,7.770376844241763e-15,,,
DATA/00723.jpg,Grey,"(640, 800)",125.271517578125,129.0,255.0,0.0,2.0,8.740889589905483e-15,,,
DATA/00724.jpg,Grey,"(182, 300)",122.55042124542123,134.0,255.0,0.0,2.0,1.0105666132903832e-14,,,
DATA/00726.jpg,Grey,"(194, 259)",128.46111133224534,130.0,255.0,0.0,2.0,8.618553642176777e-15,,,
DATA/00727.jpg,Grey,"(125, 208)",20.154653846153842,0.0,246.0,0.0,2.0,3.684894636165422e-15,,,
DATA/00728.jpg,Grey,"(225, 300)",134.03322962962966,135.0,255.0,2.0,2.0,9.505961487221858e-15,,,
DATA/00729.jpg,Grey,"(360, 480)",140.2844849537037,141.0,255.0,0.0,2.0,9.383189987045039e-15,,,
DATA/00730.jpg,Grey,"(480, 640)",143.75450520833334,137.0,255.0,0.0,2.0,5.992476127259086e-15,,,
DATA/00731.jpg,Grey,"(352, 630)",78.62804383116881,64.0,255.0,0.0,2.0,5.896129984743365e-15,,,
DATA/00732.jpg,Grey,"(653, 900)",109.38450399863876,93.0,255.0,0.0,2.0,7.522685743720595e-15,,,
DATA/00733.jpg,Grey,"(400, 600)",130.66998333333333,142.0,255.0,0.0,2.0,9.54088573083747e-15,,,
DATA/00734.jpg,Grey,"(609, 913)",117.69395899765655,126.0,255.0,0.0,2.0,6.149578215883335e-15,,,
DATA/00736.jpg,Grey,"(252, 450)",105.03922398589066,81.0,255.0,0.0,2.0,5.4407884887718975e-15,,,
DATA/00737.jpg,Grey,"(208, 242)",101.57614828353464,95.0,255.0,0.0,2.0,5.852992911659252e-15,,,
DATA/00738.jpg,Grey,"(480, 640)",118.587978515625,119.0,255.0,0.0,2.0,5.843908597951793e-15,,,
DATA/00739.jpg,Grey,"(480, 640)",139.201181640625,149.0,255.0,8.0,2.0,1.0539137690596873e-14,,,
DATA/00740.jpg,Grey,"(389, 632)",91.49337395463863,86.0,255.0,0.0,2.0,5.880527726578611e-15,,,
DATA/00741.jpg,Grey,"(480, 640)",123.92216145833332,131.0,255.0,0.0,2.0,8.152716745819869e-15,,,
DATA/00742.jpg,Grey,"(186, 272)",112.27654569892474,84.0,255.0,0.0,2.0,7.383358373995844e-15,,,
DATA/00743.jpg,Grey,"(480, 640)",147.41275390625,159.0,255.0,5.0,2.0,8.892463673100945e-15,,,
DATA/00744.jpg,Grey,"(407, 585)",104.81771141771144,102.0,255.0,0.0,2.0,7.867887634705707e-15,,,
DATA/00745.jpg,Grey,"(480, 640)",123.01056640625,125.0,255.0,0.0,2.0,9.973451323244065e-15,,,
DATA/00746.jpg,Grey,"(186, 248)",115.24809226500172,115.0,255.0,0.0,2.0,7.771531465147557e-15,,,
DATA/00747.jpg,Grey,"(704, 939)",116.28390333042887,97.0,255.0,0.0,-1.0,-1.0,,,
DATA/00748.jpg,Grey,"(221, 441)",172.22913780896977,250.0,255.0,0.0,2.0,4.886237728305315e-15,,,
DATA/00749.jpg,Grey,"(183, 275)",134.29754595131644,158.0,255.0,0.0,2.0,7.803284715327406e-15,,,
DATA/00750.jpg,Grey,"(300, 400)",143.94390833333333,141.0,255.0,0.0,2.0,1.062833551508043e-14,,,
DATA/00751.jpg,Grey,"(768, 1024)",120.15500005086264,86.0,255.0,0.0,2.0,1.0312493605511408e-14,,,
DATA/00752.jpg,Grey,"(1067, 1600)",90.8601833411434,91.0,255.0,0.0,-1.0,-1.0,,,
DATA/00753.jpg,Grey,"(480, 640)",112.98567057291666,99.0,255.0,0.0,2.0,9.89341201820796e-15,,,
DATA/00754.jpg,Grey,"(468, 625)",115.05569914529914,114.0,255.0,0.0,2.0,9.648235920721577e-15,,,
DATA/00755.jpg,Grey,"(300, 800)",106.62187916666667,106.0,255.0,0.0,2.0,8.09013050478031e-15,,,
DATA/00756.jpg,Grey,"(435, 600)",106.60450957854408,100.0,255.0,0.0,2.0,6.694410625395287e-15,,,
DATA/00757.jpg,Grey,"(341, 450)",151.60713587487783,175.0,255.0,0.0,2.0,8.115554238815784e-15,,,
DATA/00758.jpg,Grey,"(600, 800)",104.35794375,98.0,255.0,14.0,2.0,5.854149195529063e-15,,,
DATA/00759.jpg,Grey,"(420, 630)",139.42811413454268,174.0,255.0,0.0,2.0,8.740045805044954e-15,,,
DATA/00760.jpg,Grey,"(863, 1280)",96.72735551853998,62.0,255.0,0.0,-1.0,-1.0,,,
DATA/00761.jpg,Grey,"(480, 640)",114.50138671875,122.0,255.0,0.0,2.0,6.274256582959727e-15,,,
DATA/00762.jpg,Grey,"(418, 618)",155.57478205664205,183.0,255.0,0.0,2.0,1.2113734625380384e-14,,,
DATA/00763.jpg,Grey,"(426, 640)",116.95091329225352,96.0,255.0,0.0,2.0,7.284291010207548e-15,,,
DATA/00764.jpg,Grey,"(265, 400)",132.3625471698113,158.0,255.0,0.0,2.0,1.133549622157814e-14,,,
DATA/00765.jpg,Grey,"(166, 300)",182.79437751004016,214.0,255.0,0.0,2.0,6.917384733704661e-15,,,
DATA/00766.jpg,Grey,"(314, 575)",121.47958460260315,105.0,255.0,0.0,2.0,8.476105045857634e-15,,,
DATA/00767.jpg,Grey,"(600, 900)",135.03400740740742,129.0,255.0,0.0,-1.0,-1.0,,,
DATA/00768.jpg,Grey,"(186, 255)",115.28108791903858,114.0,255.0,0.0,2.0,8.383481765011197e-15,,,
DATA/00769.jpg,Grey,"(768, 1024)",118.33536020914715,108.0,255.0,0.0,2.0,8.206893957752342e-15,,,
DATA/00770.jpg,Grey,"(600, 800)",115.43504583333332,130.0,255.0,0.0,-1.0,-1.0,,,
DATA/00771.jpg,Grey,"(426, 640)",109.77849178403757,114.0,255.0,0.0,2.0,9.546846396716962e-15,,,
DATA/00772.jpg,Grey,"(480, 640)",141.99663411458334,143.0,255.0,0.0,-1.0,-1.0,,,
DATA/00773.jpg,Grey,"(188, 250)",118.64965957446807,122.0,255.0,0.0,2.0,1.0178912854357077e-14,,,
DATA/00774.jpg,Grey,"(480, 640)",140.68260091145834,157.0,255.0,0.0,2.0,1.1712847648073723e-14,,,
DATA/00775.jpg,Grey,"(390, 657)",122.89782617179877,108.0,255.0,0.0,2.0,7.61525350374079e-15,,,
DATA/00776.jpg,Grey,"(480, 640)",124.03931640625,105.0,255.0,0.0,2.0,8.125811232680227e-15,,,
DATA/00777.jpg,Grey,"(332, 500)",136.3328734939759,148.0,255.0,0.0,2.0,9.009753048752235e-15,,,
DATA/00778.jpg,Grey,"(334, 500)",101.19027544910179,73.0,255.0,0.0,2.0,5.8265334520934805e-15,,,
DATA/00779.jpg,Grey,"(400, 600)",104.40008333333333,74.0,255.0,0.0,2.0,7.951999830332688e-15,,,
DATA/00780.jpg,Grey,"(307, 530)",127.44585458791715,112.0,255.0,0.0,2.0,8.504350984900503e-15,,,
DATA/00781.jpg,Grey,"(480, 640)",96.76043294270832,93.0,255.0,0.0,2.0,5.9465131605484326e-15,,,
DATA/00782.jpg,Grey,"(360, 640)",88.82944878472222,82.0,255.0,0.0,2.0,5.773567744316866e-15,,,
DATA/00783.jpg,Grey,"(969, 1293)",108.91189200880824,103.0,255.0,0.0,-1.0,-1.0,,,
DATA/00784.jpg,Grey,"(492, 786)",120.14785938889924,115.0,255.0,0.0,2.0,8.373997943516379e-15,,,
DATA/00785.jpg,Grey,"(342, 485)",180.0928136492434,255.0,255.0,0.0,-1.0,-1.0,,,
DATA/00786.jpg,Grey,"(537, 800)",82.06165037243947,56.0,255.0,0.0,2.0,5.90333364187931e-15,,,
DATA/00787.jpg,Grey,"(540, 900)",121.64298559670782,120.0,255.0,0.0,2.0,8.7141814518342e-15,,,
DATA/00788.jpg,Grey,"(240, 320)",125.28651041666667,141.0,255.0,0.0,2.0,7.543418762732341e-15,,,
DATA/00789.jpg,Grey,"(194, 259)",117.28048003821199,134.0,255.0,0.0,2.0,7.592647481628183e-15,,,
DATA/00791.jpg,Grey,"(215, 340)",50.39176470588235,25.0,255.0,0.0,2.0,4.518686316302681e-15,,,
DATA/00792.jpg,Grey,"(391, 586)",106.24475616036592,100.0,255.0,0.0,2.0,5.608053800590296e-15,,,
DATA/00793.jpg,Grey,"(300, 400)",86.77471666666666,73.0,255.0,0.0,2.0,5.78733950461632e-15,,,
DATA/00794.jpg,Grey,"(360, 424)",111.43277646750522,61.0,255.0,0.0,2.0,6.433112236633444e-15,,,
DATA/00795.jpg,Grey,"(194, 259)",121.91647096286272,121.0,255.0,0.0,2.0,8.071188975437275e-15,,,
DATA/00796.jpg,Grey,"(527, 792)",132.71097598374638,138.0,255.0,0.0,2.0,9.503381197263359e-15,,,
DATA/00797.jpg,Grey,"(681, 1000)",94.76153597650514,83.0,255.0,2.0,2.0,5.6857959129454e-15,,,
DATA/00798.jpg,Grey,"(300, 580)",144.25588505747126,134.0,255.0,0.0,2.0,5.922602214445582e-15,,,
DATA/00799.jpg,Grey,"(480, 640)",138.24537760416666,160.0,255.0,0.0,2.0,1.0280457388803623e-14,,,
DATA/00800.jpg,Grey,"(159, 212)",124.09840393971756,130.5,255.0,0.0,2.0,7.764377698778301e-15,,,
DATA/00801.jpg,Grey,"(389, 623)",128.83058589543094,153.0,255.0,0.0,2.0,8.19325340438915e-15,,,
DATA/00802.jpg,Grey,"(266, 400)",118.44489661654137,110.0,255.0,0.0,2.0,6.433648130042285e-15,,,
DATA/00803.jpg,Grey,"(480, 640)",124.62882161458332,115.0,255.0,0.0,2.0,6.548672258111941e-15,,,
DATA/00804.jpg,Grey,"(480, 640)",100.24407552083332,67.0,255.0,0.0,2.0,6.348398545353217e-15,,,
DATA/00805.jpg,Grey,"(173, 300)",120.9466281310212,113.0,255.0,0.0,2.0,8.244862361731433e-15,,,
DATA/00806.jpg,Grey,"(434, 800)",97.70203341013828,95.0,255.0,0.0,2.0,5.9656064260497035e-15,,,
DATA/00807.jpg,Grey,"(480, 640)",144.45758463541668,168.0,255.0,0.0,2.0,6.846431329544376e-15,,,
DATA/00808.jpg,Grey,"(108, 144)",135.0477109053498,151.0,255.0,0.0,2.0,1.0156761051807607e-14,,,
DATA/00809.jpg,Grey,"(427, 640)",83.36175351288057,79.0,255.0,0.0,2.0,6.038178465547097e-15,,,
DATA/00810.jpg,Grey,"(199, 300)",108.8732998324958,128.0,255.0,0.0,2.0,6.767782224236662e-15,,,
DATA/00811.jpg,Grey,"(480, 640)",141.95930338541666,151.0,255.0,0.0,2.0,1.2635072944388349e-14,,,
DATA/00812.jpg,Grey,"(360, 480)",96.59975694444445,81.0,255.0,0.0,2.0,9.349090657801027e-15,,,
DATA/00813.jpg,Grey,"(720, 960)",95.21272714120373,82.0,255.0,0.0,2.0,7.659225321147436e-15,,,
DATA/00814.jpg,Grey,"(194, 259)",56.51100585121203,37.0,255.0,0.0,2.0,5.290668205182281e-15,,,
DATA/00815.jpg,Grey,"(333, 500)",99.79949549549549,81.0,255.0,0.0,2.0,6.894093390187177e-15,,,
DATA/00816.jpg,Grey,"(80, 150)",73.31625,53.0,255.0,0.0,2.0,7.669803361860135e-15,,,
DATA/00817.jpg,Grey,"(375, 500)",71.06954666666667,54.0,255.0,0.0,2.0,6.2820979547570155e-15,,,
DATA/00818.jpg,Grey,"(545, 730)",94.37137866029907,68.0,255.0,0.0,-1.0,-1.0,,,
DATA/00819.jpg,Grey,"(300, 400)",104.61690833333333,102.0,255.0,0.0,2.0,6.115622793274159e-15,,,
DATA/00820.jpg,Grey,"(768, 1024)",176.1498896280924,206.0,255.0,0.0,2.0,1.2188922469983178e-14,,,
DATA/00821.jpg,Grey,"(324, 445)",96.74569981966984,91.0,255.0,0.0,2.0,7.415269408775064e-15,,,
DATA/00822.jpg,Grey,"(498, 889)",115.36030059495577,118.0,255.0,0.0,2.0,9.06468663998955e-15,,,
DATA/00823.jpg,Grey,"(72, 160)",128.48038194444445,163.0,234.0,0.0,2.0,9.184287864121471e-15,,,
DATA/00824.jpg,Grey,"(768, 1024)",106.97068405151369,81.0,255.0,0.0,-1.0,-1.0,,,
DATA/00825.jpg,Grey,"(345, 460)",153.4844297416509,160.0,255.0,0.0,2.0,1.0991195012272686e-14,,,
DATA/00826.jpg,Grey,"(425, 640)",155.68225735294118,161.0,255.0,0.0,2.0,1.1048050822929295e-14,,,
DATA/00827.jpg,Grey,"(450, 800)",81.29640555555554,57.0,255.0,0.0,2.0,4.9980240822901144e-15,,,
DATA/00828.jpg,Grey,"(392, 720)",103.48801374716557,87.0,250.0,0.0,2.0,8.937010364398098e-15,,,
DATA/00829.jpg,Grey,"(1026, 1200)",144.19282651072123,163.0,255.0,0.0,-1.0,-1.0,,,
DATA/00830.jpg,Grey,"(427, 640)",123.65934938524592,145.0,255.0,0.0,2.0,8.228145032286737e-15,,,
DATA/00831.jpg,Grey,"(480, 640)",116.635068359375,127.0,255.0,0.0,2.0,7.778642226678819e-15,,,
DATA/00832.jpg,Grey,"(194, 259)",165.30038211996975,219.0,255.0,0.0,2.0,7.245598956086397e-15,,,
DATA/00833.jpg,Grey,"(450, 550)",103.47273535353537,84.0,255.0,0.0,2.0,7.30020250744021e-15,,,
DATA/00835.jpg,Grey,"(400, 600)",134.75502083333333,128.0,255.0,0.0,2.0,9.14749610698618e-15,,,
DATA/00836.jpg,Grey,"(375, 500)",89.84601066666669,54.0,255.0,0.0,2.0,9.15622094692894e-15,,,
DATA/00837.jpg,Grey,"(430, 650)",118.96275134168155,137.0,255.0,0.0,2.0,7.488070899061552e-15,,,
DATA/00838.jpg,Grey,"(768, 1024)",101.13006718953449,113.0,255.0,0.0,-1.0,-1.0,,,
DATA/00839.jpg,Grey,"(468, 625)",101.9816376068376,83.0,255.0,0.0,2.0,8.30627479020328e-15,,,
DATA/00840.jpg,Grey,"(407, 700)",145.10180414180408,143.0,255.0,0.0,2.0,1.2771494510591222e-14,,,
DATA/00841.jpg,Grey,"(356, 476)",81.43761212350108,61.0,255.0,0.0,2.0,7.910492763080771e-15,,,
DATA/00842.jpg,Grey,"(534, 800)",125.24923923220972,135.0,255.0,0.0,-1.0,-1.0,,,
DATA/00843.jpg,Grey,"(263, 350)",93.70784356328085,85.0,255.0,0.0,2.0,6.71474315787737e-15,,,
DATA/00844.jpg,Grey,"(480, 640)",74.46848307291667,63.0,255.0,0.0,2.0,4.778801941394053e-15,,,
DATA/00845.jpg,Grey,"(168, 300)",89.66742063492062,95.0,255.0,0.0,2.0,6.884458214980465e-15,,,
DATA/00846.jpg,Grey,"(480, 640)",158.14667643229166,189.0,255.0,0.0,2.0,1.085288673351902e-14,,,
DATA/00847.jpg,Grey,"(353, 470)",155.8774636851305,197.0,255.0,0.0,2.0,1.03028729913053e-14,,,
DATA/00848.jpg,Grey,"(492, 786)",113.22398322265666,120.0,255.0,0.0,2.0,7.580402956164294e-15,,,
DATA/00849.jpg,Grey,"(413, 550)",79.0808936825886,75.0,255.0,0.0,2.0,6.246037124274836e-15,,,
DATA/00850.jpg,Grey,"(960, 1280)",120.70856608072916,128.0,255.0,0.0,-1.0,-1.0,,,
DATA/00851.jpg,Grey,"(262, 340)",122.4573080377189,122.0,255.0,0.0,2.0,7.120327707762426e-15,,,
DATA/00853.jpg,Grey,"(960, 1280)",129.5675480143229,126.0,255.0,0.0,-1.0,-1.0,,,
DATA/00854.jpg,Grey,"(326, 434)",197.22719176726696,217.0,255.0,0.0,2.0,8.978032981688976e-15,,,
DATA/00856.jpg,Grey,"(332, 500)",165.41751204819278,164.0,255.0,5.0,2.0,1.1333422981779359e-14,,,
DATA/00857.jpg,Grey,"(480, 640)",123.75350260416668,104.0,255.0,0.0,2.0,8.56449337236308e-15,,,
DATA/00859.jpg,Grey,"(373, 592)",111.00778929063112,120.0,255.0,0.0,2.0,9.170975152834202e-15,,,
DATA/00860.jpg,Grey,"(533, 800)",129.785361163227,113.0,255.0,0.0,2.0,8.087273881829113e-15,,,
DATA/00861.jpg,Grey,"(480, 640)",139.56336263020833,157.0,255.0,0.0,2.0,1.148851433009276e-14,,,
DATA/00863.jpg,Grey,"(480, 640)",75.02029947916667,53.0,255.0,0.0,2.0,6.9031457114146715e-15,,,
DATA/00864.jpg,Grey,"(525, 990)",81.21633862433863,61.0,255.0,0.0,2.0,5.7372020410232716e-15,,,
DATA/00865.jpg,Grey,"(274, 400)",139.0229835766423,162.0,255.0,0.0,2.0,9.00614030051989e-15,,,
DATA/00866.jpg,Grey,"(480, 640)",138.52080403645834,133.0,255.0,14.0,2.0,1.0353701277349709e-14,,,
DATA/00867.jpg,Grey,"(387, 580)",157.78638510202262,167.0,255.0,0.0,2.0,5.889103415374773e-15,,,
DATA/00868.jpg,Grey,"(194, 259)",138.6244079130677,106.5,255.0,0.0,2.0,7.72437252265031e-15,,,
DATA/00869.jpg,Grey,"(480, 640)",123.56385416666667,137.0,255.0,0.0,2.0,8.950261530534987e-15,,,
DATA/00870.jpg,Grey,"(240, 350)",145.07635714285715,160.0,255.0,0.0,2.0,8.593252709793223e-15,,,
DATA/00872.jpg,Grey,"(338, 510)",94.43664578257338,96.0,255.0,0.0,2.0,6.270986354345066e-15,,,
DATA/00873.jpg,Grey,"(540, 800)",138.93932175925926,148.0,255.0,0.0,-1.0,-1.0,,,
DATA/00874.jpg,Grey,"(360, 480)",135.04541666666665,136.0,255.0,0.0,2.0,1.0273235281247776e-14,,,
DATA/00875.jpg,Grey,"(492, 786)",86.63224828813173,74.0,255.0,0.0,2.0,6.531495779866013e-15,,,
DATA/00876.jpg,Grey,"(480, 640)",118.349384765625,95.0,255.0,0.0,2.0,9.219870264076228e-15,,,
DATA/00877.jpg,Grey,"(224, 300)",98.67254464285715,93.0,229.0,0.0,2.0,5.464179564990978e-15,,,
DATA/00880.jpg,Grey,"(279, 450)",131.1508562325767,100.0,255.0,0.0,2.0,7.057955857272118e-15,,,
DATA/00882.jpg,Grey,"(654, 1100)",140.74375173755908,127.0,255.0,0.0,-1.0,-1.0,,,
DATA/00883.jpg,Grey,"(428, 656)",105.84069053453385,109.0,255.0,0.0,2.0,9.576319199581058e-15,,,
DATA/00884.jpg,Grey,"(194, 259)",135.69500059706246,105.0,255.0,0.0,2.0,7.860190926086074e-15,,,
DATA/00885.jpg,Grey,"(371, 600)",116.82949236298292,124.0,255.0,0.0,2.0,5.872084162550431e-15,,,
DATA/00886.jpg,Grey,"(375, 500)",117.79704533333332,118.0,255.0,0.0,2.0,8.553502317026194e-15,,,
DATA/00887.jpg,Grey,"(98, 130)",123.48163265306124,148.0,255.0,0.0,2.0,5.494832731509876e-15,,,
DATA/00888.jpg,Grey,"(194, 259)",132.58669346813676,133.5,255.0,0.0,2.0,7.677792967136198e-15,,,
DATA/00890.jpg,Grey,"(397, 720)",102.89955219703327,113.0,255.0,0.0,2.0,7.803314440115766e-15,,,
DATA/00892.jpg,Grey,"(803, 1550)",95.46838950709036,100.0,255.0,0.0,-1.0,-1.0,,,
DATA/00893.jpg,Grey,"(360, 480)",130.88751157407407,153.0,255.0,3.0,2.0,9.222209029664031e-15,,,
DATA/00894.jpg,Grey,"(281, 600)",56.172841043890855,37.0,255.0,0.0,2.0,4.952140177342705e-15,,,
DATA/00895.jpg,Grey,"(469, 750)",143.5459417199716,151.0,255.0,0.0,2.0,1.0206711074553473e-14,,,
DATA/00896.jpg,Grey,"(186, 314)",198.11882747757,255.0,255.0,0.0,2.0,9.27406384679552e-15,,,
DATA/00897.jpg,Grey,"(300, 560)",94.06366666666666,87.0,255.0,0.0,2.0,5.7804622477481315e-15,,,
DATA/00898.jpg,Grey,"(399, 600)",117.48384294068504,126.0,255.0,3.0,2.0,8.54704161841199e-15,,,
DATA/00899.jpg,Grey,"(406, 720)",104.96586275314723,116.0,247.0,6.0,2.0,6.8441227714017585e-15,,,
DATA/00900.jpg,Grey,"(186, 314)",212.79099034312716,255.0,255.0,0.0,2.0,9.553034669498353e-15,,,
DATA/00901.jpg,Grey,"(365, 838)",120.76945107398569,124.0,255.0,0.0,2.0,9.734207388698905e-15,,,
DATA/00902.jpg,Grey,"(194, 259)",99.84460454563549,79.0,255.0,0.0,2.0,7.760094868027635e-15,,,
DATA/00903.jpg,Grey,"(1291, 2000)",127.1080790085205,128.0,255.0,0.0,-1.0,-1.0,,,
DATA/00904.jpg,Grey,"(390, 520)",110.97420611439844,87.0,255.0,0.0,2.0,8.316150669813796e-15,,,
DATA/00905.jpg,Grey,"(480, 640)",131.055419921875,109.0,255.0,0.0,2.0,8.650824751894386e-15,,,
DATA/00906.jpg,Grey,"(375, 500)",74.51437333333334,51.0,255.0,0.0,2.0,5.636564340859733e-15,,,
DATA/00907.jpg,Grey,"(360, 480)",95.04587962962962,73.0,255.0,0.0,2.0,5.162843461052282e-15,,,
DATA/00908.jpg,Grey,"(480, 640)",123.81390950520831,121.0,255.0,0.0,2.0,7.218285564610591e-15,,,
DATA/00909.jpg,Grey,"(375, 585)",138.59750655270656,148.0,255.0,0.0,2.0,9.796593298334784e-15,,,
DATA/00910.jpg,Grey,"(480, 640)",105.664853515625,74.0,255.0,0.0,2.0,5.7633158983731155e-15,,,
DATA/00912.jpg,Grey,"(389, 623)",108.82970699038981,92.0,255.0,0.0,2.0,7.774314140022985e-15,,,
DATA/00913.jpg,Grey,"(480, 640)",93.83793619791666,72.0,255.0,0.0,2.0,5.9941488428670534e-15,,,
DATA/00914.jpg,Grey,"(1200, 1600)",120.51118854166668,101.0,255.0,0.0,-1.0,-1.0,,,
DATA/00915.jpg,Grey,"(562, 750)",101.79021826809016,86.0,255.0,0.0,2.0,7.665876624355165e-15,,,
DATA/00916.jpg,Grey,"(410, 640)",73.88630716463416,68.0,255.0,0.0,2.0,6.192430209043169e-15,,,
DATA/00917.jpg,Grey,"(225, 450)",98.75363950617285,91.0,255.0,0.0,2.0,6.959665780733674e-15,,,
DATA/00918.jpg,Grey,"(480, 640)",100.164501953125,95.0,255.0,0.0,2.0,5.438642540131462e-15,,,
DATA/00919.jpg,Grey,"(480, 640)",154.077783203125,151.0,255.0,0.0,2.0,1.0960017633940578e-14,,,
DATA/00920.jpg,Grey,"(390, 800)",111.54854807692308,109.0,255.0,0.0,2.0,8.326713525613284e-15,,,
DATA/00922.jpg,Grey,"(225, 450)",106.48195555555556,117.0,250.0,0.0,2.0,7.158807035162514e-15,,,
DATA/00923.jpg,Grey,"(98, 160)",182.51065051020407,243.0,255.0,0.0,2.0,5.718874816113503e-15,,,
DATA/00924.jpg,Grey,"(225, 300)",54.757096296296304,35.0,255.0,0.0,2.0,6.757748847809646e-15,,,
DATA/00926.jpg,Grey,"(159, 240)",155.12387316561845,158.0,255.0,0.0,2.0,1.1758064926718264e-14,,,
DATA/00927.jpg,Grey,"(480, 640)",167.50291341145834,190.0,255.0,0.0,2.0,1.0697980636891756e-14,,,
DATA/00928.jpg,Grey,"(600, 800)",127.87874375,137.0,255.0,0.0,2.0,8.626104162370232e-15,,,
DATA/00929.jpg,Grey,"(215, 510)",103.53840401276793,91.0,255.0,0.0,2.0,6.300925955371638e-15,,,
DATA/00930.jpg,Grey,"(239, 326)",144.49468644916192,180.0,255.0,0.0,2.0,5.74653008926617e-15,,,
DATA/00931.jpg,Grey,"(480, 640)",124.87689778645831,127.0,255.0,0.0,2.0,1.0300706021826529e-14,,,
DATA/00932.jpg,Grey,"(360, 424)",142.68664177148847,139.0,255.0,0.0,2.0,7.0910812223310625e-15,,,
DATA/00933.jpg,Grey,"(480, 640)",108.30329427083332,107.0,255.0,0.0,2.0,5.543352937952728e-15,,,
DATA/00934.jpg,Grey,"(714, 941)",98.15406311302416,97.0,255.0,0.0,2.0,7.641026312711887e-15,,,
DATA/00935.jpg,Grey,"(480, 640)",100.29283203125,91.0,255.0,0.0,2.0,6.4429549617369504e-15,,,
DATA/00936.jpg,Grey,"(264, 650)",141.49705128205127,134.0,255.0,0.0,2.0,8.304834401646303e-15,,,
DATA/00937.jpg,Grey,"(194, 259)",228.17239183218564,255.0,255.0,0.0,2.0,6.4378507573314864e-15,,,
DATA/00938.jpg,Grey,"(451, 800)",98.813794345898,89.0,255.0,0.0,2.0,8.213038977064209e-15,,,
DATA/00939.jpg,Grey,"(480, 640)",104.96632486979166,120.0,255.0,0.0,2.0,6.911049896306868e-15,,,
DATA/00940.jpg,Grey,"(263, 400)",138.23026615969582,131.0,255.0,0.0,2.0,8.98731317065356e-15,,,
DATA/00941.jpg,Grey,"(448, 600)",92.68357142857144,88.0,255.0,0.0,2.0,6.018990716743956e-15,,,
DATA/00942.jpg,Grey,"(640, 960)",124.3075732421875,127.0,255.0,0.0,2.0,9.470846645896521e-15,,,
DATA/00943.jpg,Grey,"(433, 750)",90.3929792147806,72.0,255.0,0.0,2.0,7.584073740042604e-15,,,
DATA/00944.jpg,Grey,"(640, 1024)",102.37640380859376,106.0,255.0,0.0,2.0,6.773850442210292e-15,,,
DATA/00945.jpg,Grey,"(194, 259)",90.31504995422522,101.0,255.0,0.0,2.0,8.323722909953162e-15,,,
DATA/00946.jpg,Grey,"(219, 460)",137.2931606114751,139.0,255.0,0.0,2.0,7.156975837761247e-15,,,
DATA/00947.jpg,Grey,"(360, 424)",167.3088639937107,158.0,255.0,0.0,2.0,8.085393080871735e-15,,,
DATA/00948.jpg,Grey,"(194, 259)",134.24155156629382,137.0,255.0,0.0,2.0,8.430564117757719e-15,,,
DATA/00949.jpg,Grey,"(162, 311)",218.49360882854987,252.0,255.0,0.0,2.0,1.2857649139460312e-14,,,
DATA/00951.jpg,Grey,"(600, 800)",98.20799791666668,83.0,255.0,1.0,2.0,5.7790141824128345e-15,,,
DATA/00952.jpg,Grey,"(183, 275)",121.994913065077,127.0,255.0,0.0,2.0,8.543732485549046e-15,,,
DATA/00954.jpg,Grey,"(335, 696)",123.55383427689141,74.0,255.0,29.0,2.0,5.581718403854858e-15,,,
DATA/00955.jpg,Grey,"(385, 744)",107.89099287808963,102.0,255.0,0.0,2.0,7.38884234012549e-15,,,
DATA/00956.jpg,Grey,"(324, 600)",181.5399382716049,226.0,255.0,0.0,2.0,8.187625110202052e-15,,,
DATA/00958.jpg,Grey,"(768, 1024)",104.00879923502606,82.0,255.0,0.0,-1.0,-1.0,,,
DATA/00959.jpg,Grey,"(575, 920)",108.84132514177692,105.0,255.0,0.0,2.0,6.739518805319814e-15,,,
DATA/00960.jpg,Grey,"(194, 259)",138.35266488874737,137.0,255.0,0.0,2.0,1.15583292186593e-14,,,
DATA/00961.jpg,Grey,"(480, 640)",104.56386393229168,102.0,255.0,0.0,2.0,6.069702083959189e-15,,,
DATA/00962.jpg,Grey,"(938, 1500)",97.9437078891258,97.0,255.0,0.0,-1.0,-1.0,,,
DATA/00963.jpg,Grey,"(396, 600)",99.05417929292929,76.0,255.0,17.0,2.0,5.425567521870916e-15,,,
DATA/00964.jpg,Grey,"(300, 400)",124.77620833333332,124.0,255.0,0.0,2.0,9.854624081089643e-15,,,
DATA/00965.jpg,Grey,"(375, 500)",115.08618133333331,113.0,255.0,0.0,2.0,7.47521576471135e-15,,,
DATA/00966.jpg,Grey,"(425, 640)",93.54486397058822,75.0,255.0,0.0,2.0,6.5854983375665366e-15,,,
DATA/00967.jpg,Grey,"(426, 640)",137.54740316901407,133.0,255.0,0.0,2.0,1.0155624636074637e-14,,,
DATA/00968.jpg,Grey,"(600, 800)",91.07248541666668,59.0,255.0,0.0,-1.0,-1.0,,,
DATA/00970.jpg,Grey,"(480, 640)",88.7590234375,94.0,255.0,0.0,2.0,6.14112918984396e-15,,,
DATA/00971.jpg,Grey,"(449, 623)",113.07791167817192,104.0,255.0,0.0,2.0,7.429267758128578e-15,,,
DATA/00972.jpg,Grey,"(388, 620)",129.99272530761556,132.0,255.0,0.0,2.0,7.663801642059791e-15,,,
DATA/00973.jpg,Grey,"(298, 880)",120.4114971018914,104.0,255.0,0.0,2.0,8.464606024236623e-15,,,
DATA/00974.jpg,Grey,"(360, 480)",142.08434027777778,149.0,255.0,0.0,2.0,1.1654193547682355e-14,,,
DATA/00975.jpg,Grey,"(391, 586)",151.34397667658843,200.0,255.0,0.0,2.0,1.0273416143547195e-14,,,
DATA/00976.jpg,Grey,"(183, 275)",115.87403874813712,130.0,255.0,0.0,2.0,9.160317283011507e-15,,,
DATA/00977.jpg,Grey,"(403, 720)",94.18404328646263,95.0,241.0,1.0,2.0,5.709716002430917e-15,,,
DATA/00978.jpg,Grey,"(456, 750)",95.93579824561405,73.0,255.0,0.0,-1.0,-1.0,,,
DATA/00979.jpg,Grey,"(768, 1024)",81.4809684753418,73.0,255.0,0.0,2.0,6.852124060287313e-15,,,
DATA/00980.jpg,Grey,"(598, 1024)",149.0683953020485,183.0,255.0,0.0,2.0,1.3454924866871812e-14,,,
DATA/00981.jpg,Grey,"(1066, 1998)",100.15247517686542,97.0,255.0,0.0,2.0,7.875994997123531e-15,,,
DATA/00982.jpg,Grey,"(194, 259)",103.67245153843092,109.0,255.0,0.0,2.0,7.410244764640317e-15,,,
DATA/00983.jpg,Grey,"(378, 630)",140.68363567649286,156.0,255.0,0.0,2.0,1.2343856745197974e-14,,,
DATA/00984.jpg,Grey,"(685, 1024)",71.50294679516423,62.0,255.0,0.0,-1.0,-1.0,,,
DATA/00985.jpg,Grey,"(199, 300)",134.1313567839196,136.0,255.0,0.0,2.0,8.785126698954436e-15,,,
DATA/00986.jpg,Grey,"(768, 1024)",134.8886464436849,130.0,255.0,0.0,-1.0,-1.0,,,
DATA/00987.jpg,Grey,"(240, 320)",176.17561197916663,217.0,255.0,0.0,2.0,7.324645395108288e-15,,,
DATA/00989.jpg,Grey,"(194, 259)",77.38323448632727,62.0,255.0,0.0,2.0,6.694776712904607e-15,,,
DATA/00990.jpg,Grey,"(480, 640)",114.17173828125,95.0,255.0,0.0,2.0,7.16509131743708e-15,,,
DATA/00991.jpg,Grey,"(375, 500)",101.194096,105.0,255.0,0.0,2.0,6.124675052649506e-15,,,
DATA/00992.jpg,Grey,"(353, 630)",93.57344754710194,83.0,255.0,0.0,2.0,8.063349450725315e-15,,,
DATA/00993.jpg,Grey,"(768, 1024)",120.96763865152997,122.0,255.0,0.0,2.0,7.768276894682464e-15,,,
DATA/00994.jpg,Grey,"(600, 800)",104.51938333333334,105.0,255.0,0.0,2.0,7.149565958304672e-15,,,
DATA/00996.jpg,Grey,"(251, 336)",121.34265319673685,112.0,252.0,2.0,2.0,1.0906512875693537e-14,,,
DATA/00997.jpg,Grey,"(194, 259)",145.80046172829677,117.0,255.0,0.0,2.0,8.487254642666242e-15,,,
DATA/00998.jpg,Grey,"(480, 640)",100.746513671875,115.0,255.0,0.0,2.0,6.08917941972535e-15,,,
DATA/00999.jpg,Grey,"(480, 640)",150.41378580729167,145.0,255.0,7.0,2.0,8.65962809460169e-15,,,
DATA/01000.jpg,Grey,"(1200, 1600)",128.11330208333334,128.0,255.0,0.0,-1.0,-1.0,,,
DATA/01001.jpg,Grey,"(370, 625)",113.91366486486488,119.0,255.0,0.0,2.0,6.158862261437313e-15,,,
DATA/01002.jpg,Grey,"(400, 600)",102.36187916666668,93.0,255.0,0.0,2.0,6.214930782995536e-15,,,
DATA/01003.jpg,Grey,"(492, 786)",140.2807696683837,138.0,255.0,0.0,2.0,8.642382664681306e-15,,,
DATA/01004.jpg,Grey,"(183, 275)",109.68794833581718,125.0,255.0,0.0,2.0,1.032948809064574e-14,,,
DATA/01005.jpg,Grey,"(225, 300)",95.2598074074074,94.0,255.0,0.0,2.0,6.193643430636998e-15,,,
DATA/01007.jpg,Grey,"(768, 1024)",136.50371424357095,157.0,255.0,0.0,2.0,9.796224152238705e-15,,,
