File Name,Shape,No IMFs,Time,RMSE,PSNR,SSIM,Variation Of Information,Adapted Rand Error
DATA/00025.jpg,"(453, 604)",9,83.7722545,1.52e-14,54.25458544,0.999541166,[0.96020101 0.9598524 ],"(0.3024535446420846, 0.6973444365993501, 0.6977485911989525)"
DATA/00026.jpg,"(417, 628)",9,112.70435829999998,1.87e-14,55.64283849,0.999065751,[0.80521076 0.80451688],"(0.21451302410958883, 0.7851146871873108, 0.7858596178275887)"
DATA/00027.jpg,"(418, 630)",9,199.3822767,1.72e-14,56.14409914,0.999449426,[0.6696831  0.66808463],"(0.10039306663636416, 0.8991928555557841, 0.9000213927123856)"
DATA/00028.jpg,"(412, 620)",9,82.33957,1.87e-14,48.67692899,0.997011173,[1.62453905 1.62134202],"(0.31328373126053555, 0.685484124086499, 0.6879528508818094)"
DATA/00030.jpg,"(592, 896)",10,202.3983842,1.69e-14,54.75210824,0.999703377,[0.81121946 0.80281323],"(0.22996435834084228, 0.7638714657912319, 0.7763001123629285)"
DATA/00032.jpg,"(375, 500)",8,75.07706040000002,1.49e-14,57.56765128,0.999394529,[0.60920466 0.60901025],"(0.18870254874274317, 0.8112205351250449, 0.8113743819765067)"
DATA/00034.jpg,"(480, 640)",9,161.45835580000005,1.88e-14,49.7858846,0.997958134,[1.38927081 1.38272994],"(0.28827526368321366, 0.706243589126497, 0.7172916271848864)"
DATA/00036.jpg,"(250, 580)",8,64.0339476,1.56e-14,57.12567214,0.999584642,[0.61672309 0.61713396],"(0.17733915558290236, 0.8226689486976332, 0.8226527402962346)"
DATA/00037.jpg,"(425, 640)",9,87.1882707,1.53e-14,52.61079054,0.999023085,[1.20212439 1.20006531],"(0.39335919656417295, 0.6062442175535508, 0.6070379085257515)"
DATA/00038.jpg,"(360, 480)",9,77.7556541,1.63e-14,55.55385124,0.999433458,[0.82076161 0.82017977],"(0.24595757611795155, 0.7538986328502343, 0.7541862697748325)"
DATA/00039.jpg,"(425, 640)",9,79.2880429,1.79e-14,53.86658809,0.999077454,[1.08652167 1.08533723],"(0.4064804001752047, 0.5931565567979612, 0.5938830875266682)"
DATA/00040.jpg,"(469, 750)",9,130.9064008,1.45e-14,54.71393492,0.999157586,[0.92470917 0.92317156],"(0.3078321179250959, 0.691355996546019, 0.6929816767015615)"
DATA/00041.jpg,"(480, 640)",9,109.46214740000002,1.56e-14,46.34124011,0.993283807,[2.13493219 2.12782748],"(0.6326528577904104, 0.36606778667401946, 0.3686354714430443)"
DATA/00042.jpg,"(452, 640)",9,107.5279108,2.12e-14,46.52738592,0.996092955,[2.10356634 2.10014215],"(0.3014407375109692, 0.7028803021610823, 0.6942910264041418)"
DATA/00043.jpg,"(417, 596)",9,84.48924709999999,1.18e-14,56.26353839,0.999038908,[0.76287286 0.7626539 ],"(0.2548299731445165, 0.745174226957478, 0.7451658268008357)"
DATA/00044.jpg,"(439, 659)",9,100.7087988,1.95e-14,54.70399962,0.998595279,[0.96919682 0.96762451],"(0.3332990880274229, 0.6660987826582303, 0.6673041308783121)"
DATA/00045.jpg,"(375, 500)",9,146.9154238,1.83e-14,57.19677355,0.999507914,[0.58255624 0.5817872 ],"(0.07034249210569199, 0.9293376846342952, 0.9299775513587363)"
DATA/00046.jpg,"(492, 786)",9,131.4012091,1.23e-14,55.43992884,0.999280189,[0.82732722 0.82679528],"(0.2399406724711287, 0.7598938861152323, 0.7602248409968386)"
DATA/00048.jpg,"(541, 813)",9,147.4692024,1.46e-14,55.72763511,0.998941406,[0.83164329 0.83071697],"(0.28611237519627, 0.7134633494689714, 0.7143124050464695)"
DATA/00051.jpg,"(480, 640)",9,138.0906866,2.26e-14,56.13008283,0.999474948,[0.70014265 0.69881661],"(0.1397938244240512, 0.8599010766947222, 0.8605114910364282)"
DATA/00052.jpg,"(424, 808)",9,126.6668112,1.21e-14,53.53808917,0.999362488,[1.03316618 1.03260816],"(0.3289322684692356, 0.6709019484257435, 0.6712335965876445)"
DATA/00053.jpg,"(375, 500)",9,68.7964218,2.02e-14,45.28523907,0.995723632,[2.33539141 2.32539986],"(0.6409169590119869, 0.35636317177030924, 0.36184474721214704)"
DATA/00055.jpg,"(433, 620)",9,65.9325638,1.54e-14,43.57299932,0.989602422,[2.68679048 2.6826429 ],"(0.7946701203623763, 0.2035806542352264, 0.20710942528822104)"
DATA/00056.jpg,"(315, 500)",8,80.93559429999998,1.52e-14,53.6348688,0.999276811,[0.9640643  0.96405251],"(0.2521064004158313, 0.7464359731395974, 0.7493569300196314)"
DATA/00057.jpg,"(498, 1200)",10,263.2991431,1.29e-14,61.80640687,0.999719941,[0.28501897 0.28491163],"(0.08094151695898233, 0.91882194886639, 0.9192951390299369)"
DATA/00058.jpg,"(194, 260)",7,26.244799800000006,1.69e-14,51.86010273,0.999382035,[1.24222395 1.24314453],"(0.3612666867659281, 0.640956169036785, 0.6365258220117596)"
DATA/00059.jpg,"(480, 640)",9,127.4364996,1.77e-14,54.71249274,0.999325516,[0.94817487 0.94712319],"(0.3304209440246959, 0.6690361421855492, 0.670122851615078)"
DATA/00060.jpg,"(300, 400)",8,58.1135365,1.22e-14,52.34078435,0.999416112,[1.2666572  1.26443729],"(0.39266341513283387, 0.6068853396905768, 0.6077885015832062)"
DATA/00061.jpg,"(764, 1023)",10,285.4929529,1.37e-14,54.79271643,0.998630516,[0.9381943  0.93632101],"(0.31236356343708405, 0.6871157713649052, 0.6881578914322947)"
DATA/00062.jpg,"(280, 450)",8,62.9481453,1.99e-14,55.58939106,0.999393327,[0.7627726  0.76171878],"(0.10546997425046556, 0.8936538709649203, 0.8954079002168706)"
DATA/00065.jpg,"(361, 500)",8,67.4057385,1.36e-14,50.12549869,0.996931606,[1.61508187 1.60948039],"(0.5380469578770374, 0.46028352655786314, 0.4636347129304022)"
DATA/00066.jpg,"(194, 259)",7,18.9481824,1.35e-14,52.05959036,0.999356759,[1.30767121 1.30455288],"(0.4830225859821988, 0.5162254752040203, 0.5177315465891265)"
DATA/00067.jpg,"(480, 640)",9,123.988249,2.01e-14,48.31695078,0.997836583,[1.63629083 1.63413441],"(0.1580534396134573, 0.8419057919204151, 0.8419873328012076)"
DATA/00068.jpg,"(438, 640)",8,171.2237054,2.17e-14,57.37521422,0.999434766,[0.60552028 0.60532893],"(0.11464795015137852, 0.8851248913896339, 0.8855793249334373)"
DATA/00069.jpg,"(533, 800)",9,144.440899,1.69e-14,52.65150454,0.998272156,[1.1641347  1.16270715],"(0.3774611622213039, 0.622159468887125, 0.6229186696016344)"
DATA/00071.jpg,"(305, 643)",8,80.238203,1.37e-14,48.76954737,0.998753216,[1.64996632 1.64899764],"(0.5065825325150394, 0.4921281579962779, 0.4947135503533896)"
DATA/00073.jpg,"(240, 320)",7,25.470861,1.3999999999999999e-14,52.71069091,0.999321698,[1.23963223 1.23916675],"(0.4455125053604574, 0.5542062033819776, 0.5547690715848241)"
DATA/00074.jpg,"(240, 320)",7,32.1561922,1.45e-14,53.73788795,0.999095404,[1.07331022 1.07272422],"(0.3726772300820449, 0.6271464462397112, 0.627499192771705)"
DATA/00075.jpg,"(286, 550)",8,64.1817166,1.31e-14,55.6496829,0.999390342,[0.82504109 0.82491718],"(0.27050648282009393, 0.7292922179506605, 0.7296949275650544)"
DATA/00076.jpg,"(187, 300)",6,29.718255600000006,2.24e-14,56.47277085,0.999617247,[0.60008518 0.5927372 ],"(0.01933080359067474, 0.9762643654116271, 0.985113956091018)"
DATA/00078.jpg,"(480, 640)",8,62.2987559,1.67e-14,53.44708027,0.999425166,[1.12952969 1.12867989],"(0.408984474710388, 0.5908053797667931, 0.5912258203603384)"
DATA/00080.jpg,"(224, 300)",7,28.039825300000004,1.08e-14,55.81795892,0.999611427,[0.77488349 0.77448618],"(0.21694291215227424, 0.782845419086373, 0.7832688711036669)"
DATA/00081.jpg,"(301, 550)",9,65.35091659999999,1.06e-14,49.35023104,0.998172019,[1.67280469 1.66390888],"(0.5737990169058343, 0.4207613332975018, 0.43178312383741774)"
DATA/00082.jpg,"(480, 640)",9,89.83691259999998,1.5999999999999998e-14,53.62372287,0.999036904,[1.11932058 1.11740263],"(0.400608000682553, 0.5987619010131869, 0.6000234251681483)"
DATA/00083.jpg,"(225, 300)",7,28.6717526,1.46e-14,56.88382966,0.999697344,[0.60205199 0.59707668],"(0.17579940877604694, 0.8215473028812562, 0.8268710733399699)"
DATA/00084.jpg,"(480, 640)",9,107.7885223,1.63e-14,54.97597920000001,0.999454614,[0.88995595 0.88935992],"(0.2741504399719946, 0.7256463405890348, 0.7260528933232915)"
DATA/00085.jpg,"(480, 640)",9,111.7692768,1.74e-14,52.83777360000001,0.998914739,[1.15705575 1.1576706 ],"(0.3630111707450888, 0.6371779510524261, 0.6367998196911648)"
DATA/00087.jpg,"(234, 467)",8,62.216065500000006,1.2e-14,46.29164569,0.994271572,[2.2118538  2.21178981],"(0.7017151942480471, 0.29777079159419123, 0.29880059756845573)"
DATA/00090.jpg,"(225, 300)",8,25.9008716,1.65e-14,50.56720405,0.999204356,[1.54765419 1.54453022],"(0.4459849696722228, 0.5519071207364357, 0.5561391032120271)"
DATA/00091.jpg,"(480, 640)",9,120.4806168,1.34e-14,55.17391591,0.999283271,[0.87560078 0.87353239],"(0.2759010568161935, 0.7232008979239442, 0.724999221538238)"
DATA/00092.jpg,"(338, 600)",8,101.7673368,8.53e-15,57.1008002,0.99953855,[0.55929625 0.5583832 ],"(0.13225843612734756, 0.8655923961238055, 0.8699014304650619)"
DATA/00093.jpg,"(183, 275)",8,33.6666683,2.46e-14,53.73006921,0.999242855,[0.885924   0.88844477],"(0.1796130469567896, 0.8244171763000584, 0.8163959421721065)"
DATA/00094.jpg,"(491, 786)",9,266.8512369,2.1000000000000002e-14,57.03848875,0.999533906,[0.62869924 0.62789949],"(0.08425108442422446, 0.9152260155101052, 0.9162724134845583)"
DATA/00096.jpg,"(265, 400)",8,65.262224,2.16e-14,55.34046521,0.999433939,[0.79896587 0.79737895],"(0.15448304231882726, 0.8428166007389062, 0.8482346739535784)"
DATA/00097.jpg,"(58, 78)",5,4.9562034000000015,9.61e-15,50.030714,0.999462242,[1.39429464 1.39312204],"(0.5024335484905584, 0.498425702811245, 0.49671015768830545)"
DATA/00098.jpg,"(426, 640)",9,121.4580827,1.95e-14,55.40716726,0.999019281,[0.84689704 0.84546792],"(0.25951556972218737, 0.7396426592480861, 0.7413281194927437)"
DATA/00099.jpg,"(383, 510)",8,70.6509243,1.65e-14,54.04384493,0.999283494,[0.99623832 0.9963259 ],"(0.3276584531604503, 0.6723542980659959, 0.6723287960967494)"
DATA/00100.jpg,"(360, 480)",8,66.80230379999999,1.63e-14,54.45998506,0.999347997,[0.94596011 0.94571319],"(0.2915118270946224, 0.7080181146596934, 0.708958855715718)"
DATA/00102.jpg,"(360, 480)",9,75.5989697,1.22e-14,55.79405755,0.999426608,[0.59902628 0.59798908],"(0.17538878675573355, 0.8240925819482592, 0.8251304977382556)"
DATA/00103.jpg,"(480, 640)",9,100.2268538,1.84e-14,55.7635683,0.999388427,[0.82145421 0.82114938],"(0.28089870556598084, 0.7190598479209118, 0.7191427457253449)"
DATA/00104.jpg,"(360, 480)",8,87.850673,2.81e-14,59.02638778,0.999686276,[0.41938638 0.41660961],"(0.0056437194303531335, 0.9933825461699078, 0.995331925792164)"
DATA/00106.jpg,"(225, 300)",7,38.2445409,1.81e-14,56.40045253,0.999560466,[0.6747313  0.67180852],"(0.158251110640809, 0.8392817570888598, 0.844230569036938)"
DATA/00107.jpg,"(182, 276)",8,32.8774479,1.02e-14,56.1714899,0.999323429,[0.59930381 0.60100998],"(0.2496591537448254, 0.7510016587980094, 0.7496811955987807)"
DATA/00108.jpg,"(159, 212)",7,17.0939033,1.43e-14,55.99661747,0.999472081,[0.62605281 0.61137131],"(0.2555912004182136, 0.7221965110074929, 0.7680307935405603)"
DATA/00109.jpg,"(194, 259)",7,27.3759867,1.7e-14,55.29249689,0.999215517,[0.69559739 0.64539438],"(0.25235358309577627, 0.665918707471319, 0.8522413684260249)"
DATA/00110.jpg,"(398, 600)",9,83.142557,1.16e-14,55.67917098,0.999189522,[0.64492777 0.6463961 ],"(0.23019100337533205, 0.7696008839298893, 0.7700172219040594)"
DATA/00111.jpg,"(532, 800)",9,214.81666,1.76e-14,55.02348129,0.99876427,[0.72500364 0.72392613],"(0.3181480150380902, 0.6813634918041283, 0.682341179057648)"
DATA/00112.jpg,"(274, 500)",8,78.0686079,2.19e-14,55.23501172,0.998723301,[0.69775867 0.6059314 ],"(0.2521058723167485, 0.6469403973476736, 0.886180841713989)"
DATA/00114.jpg,"(426, 640)",10,214.3504323,2.09e-14,55.33837422,0.99859069,[0.67069601 0.64215271],"(0.30253699299196035, 0.6669996000583743, 0.7308422549515962)"
DATA/00115.jpg,"(267, 400)",8,77.76712990000001,2.51e-14,54.93385702,0.998828317,[0.73231293 0.72921703],"(0.33599096963448993, 0.6625376208584525, 0.6654869900362285)"
DATA/00117.jpg,"(383, 753)",8,86.9805635,1.59e-14,55.19368517,0.999056181,[0.70850056 0.70711951],"(0.3157191723362516, 0.6835937000768805, 0.6849693379999987)"
DATA/00118.jpg,"(420, 630)",9,104.6968621,1.58e-14,55.09987205,0.998445981,[0.7139541  0.71113209],"(0.3232383759114311, 0.6750866013193555, 0.6784449796556337)"
DATA/00120.jpg,"(150, 200)",7,12.931986300000002,1.48e-14,55.87598774,0.999491641,[0.64126577 0.63683842],"(0.27929602083480476, 0.7167237098306195, 0.7247287036096343)"
DATA/00121.jpg,"(480, 640)",10,106.2336378,1.92e-14,54.68619006,0.998900477,[0.75820449 0.75681156],"(0.34340244983900625, 0.6562541218190454, 0.6569413381342981)"
DATA/00122.jpg,"(200, 300)",7,36.7115485,1.52e-14,55.46966311,0.999249684,[0.6804363  0.67902249],"(0.30713480680262306, 0.6923410195660288, 0.6933901611372111)"
DATA/00124.jpg,"(214, 285)",8,31.4488944,1.73e-14,55.41015289,0.999050346,[0.68672313 0.68411795],"(0.3040293446919413, 0.6948757698742548, 0.6970689965133894)"
DATA/00126.jpg,"(533, 800)",9,146.06990969999995,1.37e-14,55.26901833,0.998893202,[0.69785781 0.69885799],"(0.3075964931415893, 0.6927978629626899, 0.692009599451427)"
DATA/00127.jpg,"(387, 620)",9,125.2333953,1.63e-14,55.39507501,0.998263607,[0.68415218 0.68417457],"(0.2962975550704403, 0.702818348468156, 0.7045887684558225)"
DATA/00128.jpg,"(329, 438)",8,48.2946313,2.61e-14,57.33227557,0.999009862,[0.51554886 0.29070335],"(0.08893869271296484, 0.839184556921451, 0.9964040153790391)"
DATA/00129.jpg,"(348, 607)",9,65.3188339,1.89e-14,55.03028562,0.999351102,[0.72420592 0.71925219],"(0.3223494426601231, 0.6734427804404911, 0.6819112465535956)"
DATA/00131.jpg,"(720, 960)",10,168.18443169999995,1.48e-14,54.73353524,0.999103554,[0.74621459 0.74348555],"(0.34347925553283853, 0.6556532064484284, 0.6573905813212241)"
DATA/00132.jpg,"(480, 640)",9,86.9499469,1.51e-14,55.0715828,0.998845565,[0.72003002 0.71329036],"(0.32216903444142775, 0.6746800102429226, 0.6810114907620126)"
DATA/00133.jpg,"(360, 480)",9,74.14448929999998,2e-14,54.79661077,0.99876919,[0.74596462 0.71369571],"(0.32314587369526737, 0.6271626749107788, 0.7350974855378335)"
DATA/00134.jpg,"(187, 270)",7,20.6028316,1.36e-14,55.69342461,0.999608273,[0.65873314 0.65867734],"(0.29291229804212027, 0.7071735859234872, 0.7070018388504038)"
DATA/00136.jpg,"(225, 300)",8,30.3671682,1.7e-14,55.39676079,0.999004497,[0.69206632 0.68543969],"(0.29975303720420143, 0.6953787846605503, 0.705183783347637)"
DATA/00137.jpg,"(480, 640)",9,129.9123079,1.67e-14,55.11894884,0.998532009,[0.71533823 0.71468988],"(0.31568554998575205, 0.683941429740528, 0.6846878773990125)"
DATA/00139.jpg,"(535, 800)",9,142.0393385,1.75e-14,54.78344838,0.998251645,[0.74936667 0.74730263],"(0.34429613567682116, 0.6550046497612891, 0.6564045732972413)"
DATA/00140.jpg,"(480, 640)",8,92.6306995,9.890000000000001e-15,55.2031392,0.998751262,[0.70889011 0.70930742],"(0.3182646031995039, 0.6817993652936627, 0.6816714403096411)"
DATA/00141.jpg,"(360, 480)",9,54.9540002,1.52e-14,55.00456919,0.999324802,[0.72442994 0.72513896],"(0.33366500041544533, 0.6664625313168867, 0.6662075166508582)"
DATA/00143.jpg,"(429, 665)",9,114.7464739,1.3999999999999999e-14,54.9132417,0.998764811,[0.73815368 0.73294592],"(0.33222724268860093, 0.6660539537525059, 0.6695004548319416)"
DATA/00144.jpg,"(266, 355)",8,51.6593179,1.91e-14,55.0761198,0.998412707,[0.71849781 0.63065636],"(0.26720151316118934, 0.6266475791224836, 0.8822465598513495)"
DATA/00146.jpg,"(166, 300)",7,37.86835960000001,1.86e-14,55.97821942,0.999180412,[0.63028597 0.6239518 ],"(0.29452050418838616, 0.6988726534279869, 0.7122124468823543)"
DATA/00147.jpg,"(346, 787)",9,117.7938159,1.75e-14,55.36948447,0.999073229,[0.68840723 0.68025852],"(0.2993677044406847, 0.695206839282079, 0.7061430993873595)"
DATA/00148.jpg,"(480, 640)",9,177.0853059,2.3e-14,54.85668207,0.99802585,[0.74279182 0.70811402],"(0.3111075093090572, 0.653099873005874, 0.728835752871786)"
DATA/00149.jpg,"(179, 282)",7,25.1150777,9.340000000000001e-15,56.82398126,0.999374241,[0.55442545 0.54840255],"(0.21633833473987996, 0.7787743531644991, 0.7886107068285256)"
DATA/00150.jpg,"(456, 608)",10,117.0095751,1.63e-14,54.92288728,0.998679769,[0.73075244 0.72364627],"(0.326950624145959, 0.668603144893589, 0.6775551378359699)"
DATA/00151.jpg,"(182, 300)",6,35.684615,1.42e-14,56.53416231,0.998977747,[0.58705171 0.54489166],"(0.19842711003818325, 0.7690552408900909, 0.8369618045681134)"
DATA/00152.jpg,"(335, 630)",9,90.515057,1.47e-14,55.45533389,0.998816781,[0.6799072  0.67800804],"(0.2987527757338676, 0.699689374611945, 0.7028120264656734)"
DATA/00153.jpg,"(480, 640)",9,137.1589768,1.84e-14,54.92493272,0.998336013,[0.73554134 0.73320066],"(0.34136829611906494, 0.6568721366499906, 0.6604007231571761)"
DATA/00154.jpg,"(260, 400)",7,41.6806399,1.74e-14,55.46767235,0.999153855,[0.67951452 0.62532042],"(0.2817105995653969, 0.6421298950718944, 0.8149456327023105)"
DATA/00156.jpg,"(166, 250)",7,20.4519189,1.66e-14,55.53239032,0.999409243,[0.67406435 0.66852283],"(0.3062353055093101, 0.688242169750162, 0.6993765627259676)"
DATA/00160.jpg,"(350, 625)",8,108.53345459999998,1.27e-14,55.24476024,0.998809099,[0.69975862 0.69704261],"(0.31206406799022113, 0.6860606747703962, 0.6898214688886385)"
DATA/00161.jpg,"(480, 640)",9,100.501036,1.74e-14,54.82685085,0.998921549,[0.74406189 0.74241249],"(0.3451064510662103, 0.6543021974645911, 0.6554859702844574)"
DATA/00162.jpg,"(450, 600)",9,121.19780520000002,1.7e-14,54.88889394,0.999009997,[0.73815924 0.70134079],"(0.2977220278704641, 0.6525132312032011, 0.7602601685266515)"
DATA/00163.jpg,"(525, 700)",9,159.3363849,1.86e-14,54.93882208,0.998453971,[0.73221685 0.67829444],"(0.2893679186151288, 0.6329326503230204, 0.8100780556213861)"
DATA/00164.jpg,"(194, 259)",7,32.829482,1.7e-14,55.43230921,0.999129151,[0.68672849 0.68217379],"(0.3008569281808957, 0.6957770088569079, 0.7025418621087142)"
DATA/00165.jpg,"(221, 500)",8,44.17731120000001,1.3999999999999999e-14,55.94466447,0.999639916,[0.62016987 0.62269081],"(0.24610870335597634, 0.754244449989343, 0.7535384738517958)"
DATA/00167.jpg,"(275, 440)",8,44.9324388,1.42e-14,55.2748586,0.999410436,[0.6963241  0.69534521],"(0.3116319531285098, 0.6879642718294205, 0.6887722961533843)"
DATA/00168.jpg,"(480, 640)",10,88.4247463,1.66e-14,54.90827407,0.999054933,[0.73660434 0.73584741],"(0.3331525946098429, 0.6664644965926261, 0.6672307544314956)"
DATA/00169.jpg,"(104, 140)",6,11.3624147,2.31e-14,55.89386207,0.998821795,[0.62243926 0.39993803],"(0.20269247006544477, 0.681018667370044, 0.9614886745832554)"
DATA/00170.jpg,"(480, 640)",10,140.5685009,1.39e-14,55.12368569,0.998548866,[0.71404285 0.70714506],"(0.3040682858275543, 0.6926270498968543, 0.6992680640749722)"
DATA/00171.jpg,"(183, 300)",7,41.39973970000001,1.99e-14,56.18962996,0.998924209,[0.60802259 0.5991726 ],"(0.2591739848222666, 0.7320074436245205, 0.74985965421122)"
DATA/00172.jpg,"(305, 500)",9,67.9841329,1.67e-14,55.01111229,0.999165636,[0.72522434 0.72436245],"(0.3281603330164128, 0.671588745126582, 0.6720907764116668)"
DATA/00174.jpg,"(194, 259)",7,22.2002248,1.77e-14,55.17320086,0.999379792,[0.70602535 0.66734937],"(0.282231619171061, 0.6525985966659807, 0.7973981324890642)"
DATA/00176.jpg,"(768, 1024)",10,280.7055213,1.9e-14,54.67112887,0.998855486,[0.75650822 0.75450495],"(0.3430164950413144, 0.6560391318049207, 0.6579306008961144)"
DATA/00177.jpg,"(326, 700)",9,115.5473197,1.26e-14,55.73492491,0.999330693,[0.64038448 0.64059   ],"(0.2607734764800287, 0.7383855969256979, 0.7400693677134503)"
DATA/00178.jpg,"(168, 300)",6,35.0611382,2.76e-14,55.82276769,0.998724094,[0.64647351 0.41758226],"(0.18688879574440453, 0.7005837974058895, 0.9687039276146353)"
DATA/00179.jpg,"(480, 640)",10,104.1207439,1.87e-14,54.86873888,0.998878882,[0.74079442 0.73860739],"(0.33323281816001527, 0.6655633122345807, 0.667975414451117)"
DATA/00180.jpg,"(189, 300)",7,37.9175186,1.16e-14,55.9063458,0.998960286,[0.63839052 0.62901752],"(0.27985800204958877, 0.712722383278707, 0.7277177177285375)"
DATA/00183.jpg,"(150, 200)",7,18.194859,1.13e-14,56.04370341,0.999188549,[0.62167724 0.61495275],"(0.26522562960302154, 0.7309956206916212, 0.7385923902290489)"
DATA/00184.jpg,"(426, 640)",8,104.5942202,1.7e-14,54.91000659,0.999014833,[0.7364544  0.72045822],"(0.3204727889015284, 0.6576597540266219, 0.7028988879637337)"
DATA/00185.jpg,"(480, 640)",9,142.28960700000005,1.89e-14,54.81247263,0.9990951,[0.73877409 0.72151973],"(0.3227774963809501, 0.6508449427677108, 0.7058284457649603)"
DATA/00186.jpg,"(199, 266)",7,28.7904472,2.52e-14,55.31849187,0.998627018,[0.69417352 0.48211723],"(0.22274634540614446, 0.6500870989322917, 0.9662702679245186)"
DATA/00189.jpg,"(480, 640)",9,124.6783735,1.73e-14,55.29855715,0.998713949,[0.69504431 0.69262647],"(0.30509668582225435, 0.6926488406634052, 0.6971725115979251)"
DATA/00191.jpg,"(469, 750)",9,95.8672556,1.55e-14,55.08625356,0.999588333,[0.70928043 0.70821886],"(0.3136515044185646, 0.6855365597627008, 0.6871623569619233)"
DATA/00192.jpg,"(225, 300)",8,41.81921370000001,1.78e-14,55.36329294,0.998856323,[0.69265873 0.62721176],"(0.22435848053975926, 0.6910971546107807, 0.8837543180831609)"
DATA/00193.jpg,"(768, 1024)",10,272.3201993,1.88e-14,54.60071996,0.998665245,[0.76604476 0.75733838],"(0.3431845915944346, 0.6499961239080001, 0.6637792958745354)"
DATA/00194.jpg,"(782, 1280)",10,392.944346,1.66e-14,54.65993385,0.998769794,[0.75899382 0.75911867],"(0.3499662744389347, 0.6499649925869133, 0.6501024730736045)"
DATA/00195.jpg,"(1080, 1440)",11,545.0703734,1.79e-14,54.77203202,0.999008067,[0.74522764 0.74430262],"(0.3315020649931316, 0.6684386112885728, 0.6685572692560215)"
DATA/00196.jpg,"(225, 300)",7,37.7979915,1.58e-14,55.43809624,0.999121159,[0.68581133 0.64755049],"(0.26267343061005755, 0.6736551972814389, 0.8142902402738446)"
DATA/00197.jpg,"(436, 540)",9,102.9365218,1.74e-14,55.24189966,0.998844292,[0.69582829 0.69190688],"(0.31917475006858187, 0.6774772376366841, 0.684206517530638)"
DATA/00198.jpg,"(450, 600)",9,92.0241172,1.23e-14,55.16382677,0.999044949,[0.70958648 0.71017451],"(0.322950095479845, 0.6771157131563117, 0.676984108674591)"
DATA/00200.jpg,"(255, 340)",8,33.5664255,1.66e-14,55.24886338,0.999229724,[0.70450636 0.6993521 ],"(0.308303109731781, 0.688688336738015, 0.6947318450270016)"
DATA/00201.jpg,"(200, 400)",8,33.6419111,1.33e-14,55.55731831,0.999561008,[0.66650404 0.66368034],"(0.29933290759455766, 0.6991406700515647, 0.7022001945690003)"
DATA/00203.jpg,"(640, 960)",10,187.1968843,1.91e-14,54.85262626,0.99936251,[0.73362099 0.7298882 ],"(0.33532974644146074, 0.6620236162723749, 0.6673381372307552)"
DATA/00204.jpg,"(169, 300)",7,38.7691888,1.33e-14,56.01266036,0.998919883,[0.62902344 0.62281209],"(0.27408461828711295, 0.723763324503277, 0.7280802750586368)"
DATA/00205.jpg,"(426, 640)",8,137.84769340000003,4.18e-14,55.7954839,0.998516069,[0.64740362 0.37747451],"(0.17083135146833783, 0.7147636133890009, 0.9871759991579311)"
DATA/00206.jpg,"(480, 640)",9,132.5260203,1.66e-14,55.03649823,0.998299523,[0.72197433 0.72040661],"(0.3294330449076026, 0.6696076384951876, 0.671529024372306)"
DATA/00207.jpg,"(372, 470)",8,50.3391547,1.46e-14,55.55882924,0.999606382,[0.66440793 0.665173  ],"(0.2948257682555957, 0.7051900477117079, 0.7051584164865243)"
DATA/00208.jpg,"(282, 376)",8,68.0747005,1.77e-14,55.09119435,0.998916174,[0.71970517 0.71772472],"(0.31753192831291377, 0.6815823442045487, 0.6833561041999533)"
DATA/00209.jpg,"(667, 1000)",11,257.52706800000004,1.75e-14,55.12242487,0.998638698,[0.71171098 0.70949957],"(0.30321861293525354, 0.6960951107598404, 0.6974690178970713)"
DATA/00210.jpg,"(480, 640)",9,113.4106878,1.63e-14,55.23531761,0.99913539,[0.70357667 0.70376762],"(0.3086090004712021, 0.6915976878047686, 0.6911844347560744)"
DATA/00211.jpg,"(397, 608)",9,110.99785459999998,1.51e-14,55.15112655,0.998773559,[0.71129868 0.70281146],"(0.3111117403324676, 0.6769912204482286, 0.7012109214412967)"
DATA/00212.jpg,"(194, 259)",7,31.557762100000005,1.41e-14,55.4560552,0.999164495,[0.68348205 0.67015396],"(0.29495519672542503, 0.6905766277166855, 0.7201321934075983)"
DATA/00213.jpg,"(225, 300)",7,35.5794365,1.63e-14,55.24152485,0.998942956,[0.70218453 0.68077223],"(0.30897619537312404, 0.6716355783039615, 0.7115646713363152)"
DATA/00214.jpg,"(768, 1024)",10,290.8700715,1.68e-14,54.50784719,0.998475595,[0.7756285  0.76173594],"(0.3443719428472317, 0.6430696610758613, 0.66868672442475)"
DATA/00215.jpg,"(194, 259)",7,29.0283619,1.26e-14,55.50299626,0.998809862,[0.67559598 0.67448789],"(0.3102600255338718, 0.6887209825896532, 0.6907619860937696)"
DATA/00216.jpg,"(108, 144)",7,15.862968400000002,1.81e-14,56.34538601,0.999138149,[0.59687264 0.59069598],"(0.25031395297653314, 0.7457180681640622, 0.7536964791469984)"
DATA/00217.jpg,"(480, 640)",9,101.8113755,1.86e-14,54.66768144,0.998788863,[0.76127566 0.75961002],"(0.3438639657609318, 0.6556458622718011, 0.6566269396764433)"
DATA/00218.jpg,"(300, 400)",8,39.9659734,1.35e-14,55.36982536,0.999099585,[0.69011911 0.68916292],"(0.3139500857281392, 0.6856243812538948, 0.686475975832307)"
DATA/00219.jpg,"(359, 640)",9,121.310023,1.46e-14,55.7412267,0.998992184,[0.63439108 0.62818242],"(0.22365296504180998, 0.7708684231663799, 0.7819040778624067)"
DATA/00220.jpg,"(360, 480)",8,67.3563724,1.55e-14,55.11811669,0.998893306,[0.71715477 0.71725195],"(0.32415318477629096, 0.6758620058361926, 0.6758316252940558)"
DATA/00221.jpg,"(331, 500)",8,104.7316232,1.75e-14,55.65693102,0.99885003,[0.66147163 0.61842927],"(0.2655762953815777, 0.7006405678371015, 0.7716297629347962)"
DATA/00222.jpg,"(388, 620)",9,120.622682,1.23e-14,55.13687286,0.998633099,[0.71520892 0.71431648],"(0.31262482232956657, 0.6863347403155436, 0.6884187742807986)"
DATA/zebra.jpg,"(183, 276)",7,15.178937699999995,1.45e-14,55.62487649,0.999870879,[0.66203224 0.66180297],"(0.28832345590263564, 0.7117666692881838, 0.7115864417272868)"
DATA/zebra.jpeg,"(200, 253)",7,20.7223717,1.5e-14,55.62891869,0.99943849,[0.66491486 0.66387248],"(0.2890462226564434, 0.7106022506473216, 0.7113056520042891)"
DATA/watermark_no_copy.png,"(1280, 1277)",6,152.3609716,3.69e-14,55.7510319,0.997795139,[0.66364876 0.03156464],"(0.17012484012426388, 0.7096320553202762, 0.9991806168026593)"
DATA/uspassport.jpg,"(977, 1372)",10,212.3233997,2.27e-14,54.50668621,0.99964587,[0.77276908 0.74006087],"(0.31653940144697457, 0.646279410782078, 0.7251810894177307)"
DATA/traffic.jpg,"(480, 640)",10,194.1523952,2.08e-14,54.45285377,0.997615149,[0.78212774 0.78098027],"(0.359518481112012, 0.6400814732463734, 0.6408820648927785)"
DATA/tiger.JPG,"(300, 415)",7,23.0574396,1.32e-14,55.40726070000001,0.999705525,[0.68491624 0.68391328],"(0.3109199760467636, 0.6886496038386303, 0.6895109824471248)"
DATA/sudoku.jpg,"(1024, 962)",12,351.369313,2.45e-14,53.90316083,0.998066569,[0.83234909 0.83130027],"(0.39056285460816065, 0.6091710911242678, 0.6097034321583032)"
DATA/solvay_conference.jpg,"(806, 1600)",10,286.7686447,1.32e-14,54.78767888,0.99898036,[0.74724075 0.74776881],"(0.3460000492985317, 0.6540760705781886, 0.6539238485400006)"
DATA/soduku.jpg,"(576, 768)",10,140.6215034,1.67e-14,54.76371217,0.999137877,[0.74210626 0.74310644],"(0.3389826309224152, 0.6611968530925064, 0.6608379824792467)"
DATA/ship.JPG,"(615, 952)",10,213.6464183,2.2e-14,54.5085743,0.998327474,[0.7770115  0.77144642],"(0.3491752758592921, 0.648286545874512, 0.6533828555317871)"
DATA/separate_coins.jpg,"(4048, 3036)",13,2796.388092,1.19e-14,54.28530845,0.998487724,[0.78867515 0.79270974],"(0.364665626802525, 0.6359695055837091, 0.6347005081383196)"
DATA/sammy_noise.jpg,"(1367, 1025)",10,176.6515752,1.46e-14,54.60192246,0.999851019,[0.75671765 0.75670924],"(0.3558464297611039, 0.644131624916602, 0.6441755170565788)"
DATA/sammy_face.jpg,"(375, 486)",8,45.9087997,1.14e-14,55.41949764,0.999448628,[0.67729825 0.68078451],"(0.3042400209389893, 0.6967113180783587, 0.694811234552389)"
DATA/sammy.jpg,"(1367, 1025)",10,196.5672387,1.47e-14,54.62479917,0.99955145,[0.75844762 0.75617132],"(0.35174988092716497, 0.647527953130098, 0.6489738976283815)"
DATA/room.JPG,"(596, 928)",10,187.1403135,2.03e-14,54.71151792,0.998523755,[0.75740206 0.75674647],"(0.3418605531387273, 0.6576091697637307, 0.6586705798493427)"
DATA/road_image.jpg,"(600, 800)",9,132.9921254,1.49e-14,54.91702033,0.998483867,[0.73530634 0.73580214],"(0.3316338315758418, 0.6684029177515987, 0.6683294231375106)"
DATA/rice.jpg,"(255, 255)",8,21.799857,1.37e-14,54.99899403,0.9994015,[0.72359511 0.72245059],"(0.33989369969047367, 0.660213684307913, 0.6599989512375524)"
DATA/real_chessboard.jpg,"(390, 600)",8,66.956963,1.64e-14,55.30165963,0.999198598,[0.69796439 0.69830157],"(0.3078091894512526, 0.6923623707276086, 0.6920193353704723)"
DATA/rainbow.jpg,"(550, 413)",6,27.9616925,1.24e-14,56.50024575,0.998018361,[0.59748671 0.55203814],"(0.19821123816862185, 0.7565132045822577, 0.8528285698675725)"
DATA/rachelle.JPG,"(464, 437)",8,44.0127959,1.07e-14,55.3869909,0.998402619,[0.69488142 0.69253507],"(0.3050450382137767, 0.6942536101734814, 0.6956577318763146)"
DATA/plate.png,"(250, 500)",8,54.4943921,1.72e-14,55.56170279,0.998757721,[0.67454329 0.66703482],"(0.3030842984666854, 0.6910994119626916, 0.7028307217548581)"
DATA/pennies.jpg,"(4048, 3036)",13,3189.923319,2.52e-14,53.76320194,0.997121386,[0.84568259 0.83087884],"(0.3934643221073906, 0.6015174456793763, 0.6116383449348496)"
DATA/oxford.jpg,"(640, 480)",10,117.1013213,1.86e-14,54.49781838,0.998461292,[0.77242093 0.77044557],"(0.3579120390715256, 0.6408488185639112, 0.6433319045768731)"
DATA/overlap_coins.jpg,"(4048, 3036)",13,2710.514791,1.37e-14,54.28697647,0.99846822,[0.78801966 0.79083773],"(0.3625170101021826, 0.6380629698042268, 0.6369040634022127)"
DATA/office.jpg,"(183, 275)",7,29.464663,1.63e-14,55.74048936,0.998750889,[0.65601973 0.63870203],"(0.25597598709787905, 0.7265000033119005, 0.762414316738797)"
DATA/nidia2.JPG,"(993, 623)",10,231.8898051,1.97e-14,54.62610312,0.997959663,[0.76475707 0.70963479],"(0.308134604076038, 0.6246163158701385, 0.775342336093969)"
DATA/mosaic.png,"(585, 600)",9,52.3807733,1.82e-14,54.65425153,0.999533018,[0.75940849 0.52612324],"(0.2922137775885849, 0.658319962121797, 0.7652902457947846)"
DATA/input.jpg,"(597, 968)",9,220.3840595,1.82e-14,54.65155827,0.99902786,[0.75799663 0.73703645],"(0.33433477941683576, 0.635232257547756, 0.6991609029289886)"
DATA/image_08189.jpg,"(500, 667)",9,169.8147446,1.19e-14,56.14513945,0.998372244,[0.61553966 0.61082328],"(0.18946100304529334, 0.8058501166469808, 0.8152827615916858)"
DATA/image_08188.jpg,"(500, 702)",9,110.9744743,1.37e-14,55.92108509,0.99847451,[0.64383558 0.64350064],"(0.2612312218444689, 0.7387336648788408, 0.7388038947703683)"
DATA/image_08187.jpg,"(500, 554)",9,85.7273119,1.59e-14,55.2624142,0.998500134,[0.70410011 0.70438245],"(0.3077662799333263, 0.6921542391554875, 0.6923132192337353)"
DATA/image_08186.jpg,"(500, 609)",9,101.010238,1.3e-14,57.13911341,0.999327759,[0.46385352 0.47428211],"(0.0928754264133298, 0.8926893799898051, 0.9220342876980001)"
DATA/image_08185.jpg,"(500, 713)",9,128.446052,1.58e-14,55.02221772,0.998326029,[0.72869386 0.72034   ],"(0.3199663391846802, 0.675105439556599, 0.6850343624989546)"
DATA/image_08184.jpg,"(500, 616)",10,111.6093276,1.25e-14,55.45520091,0.997994883,[0.68707981 0.68554496],"(0.28771162922161475, 0.7112909790597998, 0.7132885635647489)"
DATA/image_08183.jpg,"(557, 500)",10,115.1710626,1.34e-14,55.25511801,0.99817153,[0.69428702 0.69545338],"(0.2928627978429226, 0.7070919753301098, 0.7071824347699874)"
DATA/image_08182.jpg,"(500, 641)",8,91.3456486,9.52e-15,55.81000471,0.998558773,[0.64008618 0.63902631],"(0.2383197326051988, 0.7609142620034216, 0.7624478166014947)"
image_07676.jpg,"(500, 650)",9,94.1880156,0.0,52.50483733820751,0.9976229500537488,[0.9354352 0.9353129],"(0.4573883758217959, 0.5424464093177565, 0.542776939709486)"
image_07675.jpg,"(579, 500)",9,69.77130910000001,0.0,51.902098458059136,0.9976699907518436,[0.97234241 0.9627694 ],"(0.479235697500199, 0.5183269393172819, 0.5232246967322126)"
image_07674.jpg,"(500, 682)",8,81.75599270000002,0.0,51.92996229968189,0.9977536605978764,[0.9736021  0.92517989],"(0.4506239726022726, 0.514911433733845, 0.5887852189540366)"
image_07673.jpg,"(500, 667)",9,99.89963859999999,0.0,52.39238392154978,0.998021868738006,[0.94117947 0.94368025],"(0.46189664496878624, 0.5388490792085324, 0.5373596920470168)"
image_07672.jpg,"(500, 514)",9,91.4461321,0.0,52.63771694513069,0.9974041176570972,[0.9078292  0.91952159],"(0.4320157146230891, 0.5704949586965222, 0.5654956135182474)"
image_07671.jpg,"(500, 577)",9,87.29678100000005,0.0,51.95905521070336,0.9981267487776854,[0.97079591 0.97065294],"(0.4835101280991386, 0.5165600732740669, 0.5164196896060298)"
image_07670.jpg,"(500, 653)",9,91.02745649999996,0.0,52.06004842935845,0.9977942885329648,[0.96627438 0.96658478],"(0.48070266197352474, 0.5191141369983654, 0.5194806684075083)"
image_07669.jpg,"(500, 622)",9,92.34092109999996,0.0,53.003342097909076,0.9973537140853292,[0.88613904 0.8616021 ],"(0.35521221001269, 0.6236720183506151, 0.6673835091450694)"
image_07668.jpg,"(500, 532)",9,70.64053780000006,0.0,52.10628701560385,0.997446132372528,[0.95880206 0.96221301],"(0.4741858703445414, 0.5265499256262249, 0.5250803872040212)"
image_07667.jpg,"(500, 581)",8,136.09542380000005,0.0,53.85799889453742,0.9978637635953972,[0.76520916 0.73924531],"(0.19961468745887057, 0.7841903273987, 0.8172633162627939)"
image_07666.jpg,"(667, 500)",9,87.69884780000005,0.0,52.37608611280665,0.9974680006681652,[0.92516717 0.93139012],"(0.44016650137281466, 0.5610017899289951, 0.5586700631674468)"
image_07665.jpg,"(501, 747)",9,125.89385119999996,0.0,52.527764271461926,0.9972652139668302,[0.88326365 0.89225325],"(0.41570011152740927, 0.5832186775282647, 0.5853851157091958)"
image_07664.jpg,"(500, 667)",9,79.78444330000002,0.0,52.17508127056161,0.9981005168027492,[0.95787451 0.95704192],"(0.4744101669771059, 0.5253195239379015, 0.5258604204322777)"
image_07663.jpg,"(500, 667)",9,83.43751049999992,0.0,52.025095758597935,0.997498327480094,[0.96542019 0.96403244],"(0.4841469612303887, 0.5157950986226911, 0.5159109919350259)"
image_07662.jpg,"(500, 752)",9,92.7068518000001,0.0,52.28313208001743,0.9974797093724804,[0.94695669 0.95056256],"(0.45878924882368666, 0.5422279653582706, 0.5401973464149675)"
image_07661.jpg,"(500, 667)",9,85.88203229999998,0.0,52.02477653004703,0.9981015494256916,[0.96398871 0.96347633],"(0.4802995674260748, 0.519477141171771, 0.519923916017218)"
image_07660.jpg,"(500, 667)",9,96.17999510000004,0.0,52.118252433754215,0.9984385109159938,[0.95377236 0.95225307],"(0.47898174329317755, 0.5210426928164289, 0.5209938228891412)"
image_07659.jpg,"(500, 783)",8,91.01093719999994,0.0,52.00894860775846,0.9974152345804079,[0.97193613 0.97175455],"(0.48297844994522643, 0.5169747661074374, 0.5170683424703599)"
image_07658.jpg,"(500, 625)",9,88.42049300000008,0.0,52.04985840942592,0.9980522286580884,[0.9641534  0.96172512],"(0.4799983718609945, 0.5196278275324768, 0.5203759669287206)"
image_07657.jpg,"(501, 682)",9,138.41889809999998,0.0,52.18180418434902,0.9973861278202372,[0.94967173 0.9276117 ],"(0.45446719351379405, 0.5232387113133887, 0.5698112594644982)"
image_07656.jpg,"(500, 667)",9,72.04645390000019,0.0,51.95674441141986,0.9982259106621844,[0.96944478 0.9681096 ],"(0.4805977862272034, 0.51904878588567, 0.5197561232962804)"
image_07655.jpg,"(500, 593)",9,92.58991560000004,0.0,51.8853914307041,0.997770144268564,[0.97599558 0.9745102 ],"(0.48707839498824146, 0.5129970145334067, 0.5128462176569456)"
image_07654.jpg,"(500, 579)",9,90.53716710000026,0.0,51.87469403733174,0.9980087970586724,[0.97331534 0.963516  ],"(0.4817759472605938, 0.5133892975319393, 0.5231507345976875)"
image_07653.jpg,"(500, 636)",9,104.8869439,0.0,52.215117857176644,0.9975680326290104,[0.95944317 0.95992491],"(0.47127956313029007, 0.5289574228022847, 0.5284836631930897)"
image_07652.jpg,"(500, 505)",8,62.87861310000017,0.0,52.34547811717944,0.998069330728928,[0.94153539 0.94269218],"(0.4559417183955369, 0.544716042907206, 0.5434021069196622)"
image_07651.jpg,"(527, 500)",9,90.4755250999997,0.0,51.772953159630774,0.9973790640130468,[0.98395333 0.98307936],"(0.48901209743364626, 0.5107320089224981, 0.5112440527611233)"
image_07650.jpg,"(500, 572)",9,72.59976959999996,0.0,51.948164329321365,0.9981489653664808,[0.96904401 0.96890225],"(0.4825591673398699, 0.517483999388371, 0.5173976731329273)"
image_07649.jpg,"(500, 667)",9,120.75929050000013,0.0,53.382876517793605,0.9974205739692042,[0.82334506 0.79147634],"(0.2589612153577736, 0.7221062357148916, 0.7609908296503186)"
image_07648.jpg,"(500, 667)",8,91.54102980000015,0.0,52.731732849035566,0.9976616574865096,[0.8858724  0.89639675],"(0.39978924132119886, 0.602169603751587, 0.5982646164476928)"
image_07647.jpg,"(509, 500)",9,76.24289670000006,0.0,51.859479981021245,0.9983626732757162,[0.97679488 0.97630684],"(0.4854830573855642, 0.5144022596229224, 0.5146316767531638)"
image_07646.jpg,"(500, 669)",9,88.93773509999983,0.0,51.92864918303759,0.99787646321306,[0.9726278  0.97162712],"(0.48437530876960544, 0.5154689242334953, 0.5157805523966624)"
image_07645.jpg,"(500, 640)",9,89.22686710000015,0.0,52.12815539366324,0.99767643897263,[0.94530429 0.94668484],"(0.4596910675682405, 0.5406663758223818, 0.5399519613522368)"
image_07644.jpg,"(500, 667)",8,82.17733870000029,0.0,52.05678394803791,0.9981021493276055,[0.96088695 0.96112546],"(0.478383298435753, 0.521621140121279, 0.521612263082751)"
image_07643.jpg,"(500, 667)",9,122.9319516999999,0.0,52.0173132728867,0.9972130227295494,[0.97148269 0.96623601],"(0.47748477827058466, 0.5195750823042614, 0.525488825479654)"
image_07642.jpg,"(500, 667)",9,98.96339380000019,0.0,51.93608421013713,0.997928423234276,[0.97257741 0.90520825],"(0.409377715656298, 0.5072147147324527, 0.7068599878898844)"
image_07641.jpg,"(500, 560)",9,76.8097214999998,0.0,51.897646019115705,0.9984583505981766,[0.96311101 0.9541697 ],"(0.48176221349597637, 0.5144521835682314, 0.5220795152570555)"
image_07640.jpg,"(500, 671)",9,93.18768859999999,0.0,51.94472727755243,0.998505457218552,[0.96493423 0.95643226],"(0.4787773294836952, 0.5171607403623637, 0.5253489129479093)"
image_07639.jpg,"(501, 671)",9,104.74827350000031,0.0,52.10521342560346,0.997431500294879,[0.96489739 0.96148671],"(0.4778805783564659, 0.5216881897185155, 0.5225513670783498)"
image_07638.jpg,"(500, 667)",9,90.4571661,0.0,52.00277447507797,0.9971674527791466,[0.96991452 0.96995213],"(0.48181319147503787, 0.5181102483912899, 0.5182633912882594)"
image_07637.jpg,"(678, 500)",9,81.69334330000038,0.0,52.10764224158354,0.9975646939527458,[0.94126714 0.94433557],"(0.47428230518551406, 0.5257399094738139, 0.5256954820323988)"
image_07636.jpg,"(596, 500)",9,70.27389870000025,0.0,52.201885558845994,0.9981871863365532,[0.9404364  0.94273462],"(0.47173246542059655, 0.5285605630278863, 0.5279748308547119)"
image_07635.jpg,"(500, 667)",8,78.78931910000027,0.0,52.081422274162854,0.9978704543563726,[0.96586874 0.96553083],"(0.47874387291994625, 0.5212188746401955, 0.521293384845289)"
image_07634.jpg,"(500, 750)",8,87.02848189999986,0.0,52.16146222284788,0.9970931937235284,[0.96298183 0.96309248],"(0.4773645734156793, 0.5226505882805632, 0.5226202657677111)"
image_07633.jpg,"(501, 667)",9,95.48748100000013,0.0,52.21872917667654,0.9975947939480732,[0.95111503 0.95330921],"(0.45566488528576476, 0.5450241574800956, 0.5436478119830046)"
image_07632.jpg,"(500, 667)",9,101.7404924000002,0.0,52.08087251589082,0.9980591596344459,[0.95979519 0.96045624],"(0.47789155565951347, 0.5223250236089244, 0.5218920446044695)"
image_07631.jpg,"(571, 500)",10,75.57650900000044,0.0,52.16111796162768,0.9979768654507594,[0.94059078 0.94267784],"(0.46859129481302175, 0.5316630166680192, 0.5311546368803028)"
image_07630.jpg,"(500, 667)",9,98.31996400000023,0.0,52.30676233164417,0.9972747295528852,[0.94985627 0.95023064],"(0.45435720651707445, 0.5456183256195329, 0.5456672635409043)"
image_07629.jpg,"(500, 594)",8,63.188494500000154,0.0,52.40697760797524,0.99855518413111,[0.91523823 0.91802637],"(0.43556107872703187, 0.5648516281865277, 0.5640268170048822)"
image_07628.jpg,"(500, 549)",9,85.6869773999997,0.0,52.641173243302184,0.998350967286356,[0.82940689 0.83400733],"(0.45376204151716126, 0.545891921199286, 0.5465844347461553)"
image_07627.jpg,"(500, 667)",10,124.01878159999978,0.0,52.24094274340178,0.9970442534404828,[0.954482   0.95556837],"(0.4675282034700762, 0.5326480613737736, 0.5322956483072327)"
image_07626.jpg,"(500, 649)",9,84.94518070000049,0.0,51.98979738254014,0.9981334184354914,[0.97049178 0.96950867],"(0.4824596110803263, 0.5171531435197907, 0.5179282146945399)"
image_07625.jpg,"(500, 667)",8,74.74542969999949,0.0,52.00824069737126,0.99792058096485,[0.97033393 0.96552218],"(0.47981535610568626, 0.5193892442047092, 0.5209824834920386)"
image_07624.jpg,"(500, 606)",9,77.97174700000049,0.0,52.16120552160774,0.998446477794442,[0.94633625 0.94746145],"(0.4635195748629535, 0.5366258421242645, 0.5363350869398154)"
image_07623.jpg,"(500, 667)",8,77.63359270000002,0.0,51.85352241691774,0.9976289231494372,[0.97696697 0.97522735],"(0.4854343752690712, 0.5144655075000598, 0.5146657809358816)"
image_07622.jpg,"(500, 667)",9,84.2186757999998,0.0,52.188286599814354,0.9975186242304196,[0.95756477 0.95760199],"(0.4740981429222554, 0.5257869462951156, 0.5260168180988763)"
image_07621.jpg,"(501, 667)",9,106.68427899999917,0.0,51.98662267029903,0.9978499304171472,[0.97043281 0.96997455],"(0.4825940421529362, 0.5172969934473418, 0.5175149681613843)"
image_07620.jpg,"(500, 752)",9,146.14529990000028,0.0,52.764581272495896,0.9970529347854316,[0.9126325  0.91122396],"(0.4131184188537993, 0.5860858771913093, 0.5876794486254865)"
image_07619.jpg,"(500, 667)",9,101.3319821999994,0.0,52.412720401301925,0.9972276776963748,[0.93379758 0.93528896],"(0.4609791848932143, 0.5390730887314238, 0.5389685516190547)"
image_07618.jpg,"(501, 747)",9,132.02856669999986,0.0,52.28978409822808,0.9975707321405104,[0.95084996 0.94849165],"(0.4699395072933945, 0.5296202419572716, 0.5305014759882551)"
image_07617.jpg,"(501, 667)",9,102.92723649999971,0.0,51.82464761401345,0.99778530604426,[0.97862501 0.97449311],"(0.4851962674239225, 0.5140565737519632, 0.5155530664871558)"
image_07616.jpg,"(500, 663)",9,68.73576990000038,0.0,51.83784563741264,0.998688593213002,[0.97431508 0.9737167 ],"(0.4832009544615713, 0.5165890607211224, 0.5170092011357902)"
image_07615.jpg,"(500, 666)",9,82.25622899999962,0.0,52.02049557536139,0.9979067494071528,[0.9670781  0.96703679],"(0.4827891820805964, 0.5172627031563015, 0.5171589430904002)"
image_07614.jpg,"(501, 667)",9,126.4963982999998,0.0,51.96715037467906,0.9972949844788266,[0.97231962 0.97219662],"(0.48142223968256803, 0.51856484924545, 0.5185906720323419)"
image_07613.jpg,"(500, 752)",9,99.91124669999954,0.0,52.118441152062225,0.9974055604891146,[0.96258687 0.96144967],"(0.47942068929727966, 0.520225243871083, 0.5209338598204578)"
image_07612.jpg,"(500, 667)",9,61.857279000000744,0.0,52.06827948794137,0.9981345902147246,[0.96333639 0.96262938],"(0.47610294739526915, 0.5236975191635427, 0.524096738151926)"
image_07611.jpg,"(500, 667)",9,79.93783929999972,0.0,52.07234401310377,0.9979280852415392,[0.96523395 0.96347012],"(0.47784392988437574, 0.5220071469016601, 0.5223050783263274)"
image_07610.jpg,"(500, 667)",8,82.79087700000036,0.0,52.53516469346856,0.9979172877440972,[0.92324217 0.92583432],"(0.4466333177694304, 0.5545256566990859, 0.5522125422373774)"
image_07609.jpg,"(500, 667)",8,65.95673319999969,0.0,52.14209497075778,0.9981738439557626,[0.9602041  0.96061354],"(0.4762248318797001, 0.5239688125291988, 0.5235816667897791)"
image_07608.jpg,"(500, 660)",9,111.0738733999997,0.0,52.58169243999816,0.9974472556180874,[0.86305231 0.87245424],"(0.4584693346280212, 0.5409800595909475, 0.5420823931004687)"
image_07607.jpg,"(500, 635)",9,75.19475229999989,0.0,52.20674521676563,0.9983806161664848,[0.94851206 0.94775115],"(0.4701345688220572, 0.5296810212238352, 0.530049969582471)"
image_07606.jpg,"(501, 743)",9,88.39124349999929,0.0,52.183539579660085,0.9984507754647404,[0.95228115 0.94942723],"(0.47149238550707506, 0.5278614730745843, 0.5291553396995486)"
image_07605.jpg,"(500, 667)",8,62.28234640000028,0.0,51.99642704179099,0.997937887942724,[0.97134472 0.96972141],"(0.4816130212252371, 0.5180624433065741, 0.5187119211023626)"
image_07604.jpg,"(500, 667)",9,103.0376822999997,0.0,52.62362570985635,0.9971922719535588,[0.92372302 0.91940987],"(0.43281497924727796, 0.5636445727844457, 0.5707702274408888)"
image_07603.jpg,"(500, 667)",9,71.8040303000007,0.0,52.04939394204974,0.998056690984402,[0.96565671 0.96685347],"(0.4781733089089245, 0.5221654893923184, 0.5214883321519262)"
image_07602.jpg,"(501, 753)",9,98.30636690000028,0.0,51.99050866366002,0.9980303685302822,[0.96830328 0.93416118],"(0.4568567095196392, 0.5122178240627369, 0.5780429919256382)"
image_07601.jpg,"(552, 500)",9,80.3640534999995,0.0,52.173286153271455,0.9976410070364669,[0.95023922 0.94600056],"(0.4747289951727083, 0.5230542076858026, 0.5275066723089945)"
image_07600.jpg,"(500, 667)",9,87.05707869999969,0.0,52.122723153430435,0.99721317596811,[0.96466739 0.96231751],"(0.4719696804801343, 0.5272265625666779, 0.5288365308699104)"
image_07599.jpg,"(500, 667)",9,80.53311920000033,0.0,51.91452582553715,0.9979290004410412,[0.96669347 0.96505005],"(0.48327079954518637, 0.5164957937210848, 0.5169628182389877)"
image_07598.jpg,"(500, 667)",8,81.0241315000003,0.0,52.29489054596242,0.9982789016913216,[0.95109517 0.95178284],"(0.46801497243283785, 0.5321805953664376, 0.5317896034511197)"
image_07597.jpg,"(575, 500)",8,53.28935610000008,0.0,52.04331144818979,0.9977818443143704,[0.9656916  0.96524042],"(0.48236884004246483, 0.5176215835472121, 0.517640736722207)"
image_07596.jpg,"(500, 752)",9,139.58098379999956,0.0,52.342583336821995,0.9970797346215944,[0.94732874 0.94273775],"(0.45674738287141203, 0.5412468067144305, 0.545273349536604)"
image_07595.jpg,"(544, 500)",9,73.69254249999993,0.0,51.827459778075074,0.9976061244564908,[0.97507353 0.97244722],"(0.4847889744833648, 0.5146530117395647, 0.5157702506627196)"
image_07594.jpg,"(500, 542)",9,84.17220160000035,0.0,53.13479500622186,0.9981285531141648,[0.84713124 0.80158399],"(0.3709536436200541, 0.5912988673116751, 0.671941959921279)"
image_07593.jpg,"(500, 607)",9,87.7437474999997,0.0,52.643318348069705,0.9978739343391246,[0.90205267 0.9090911 ],"(0.3964372134420402, 0.6058990481048073, 0.601244472400646)"
image_07592.jpg,"(500, 667)",9,73.60540289999972,0.0,51.84959620264023,0.9979309220102416,[0.97505751 0.96879182],"(0.48590888786972086, 0.5133666604920091, 0.5148176113181543)"
image_07591.jpg,"(500, 593)",9,73.83954679999988,0.0,52.063438335626344,0.9973826880459,[0.96686396 0.96424537],"(0.4786848586441397, 0.5208537942294099, 0.5217773064848483)"
image_07590.jpg,"(500, 667)",9,103.69189500000084,0.0,52.332145257855814,0.9974631033468764,[0.945966   0.94733659],"(0.4564997443319566, 0.543911764631092, 0.543089368907406)"
image_07589.jpg,"(582, 500)",9,61.99642579999999,0.0,51.95525222529995,0.997615612886336,[0.96874058 0.96634214],"(0.4833120116691094, 0.5163888248067793, 0.5169874986893639)"
image_07588.jpg,"(923, 500)",9,70.42194849999942,0.0,51.69905810860587,0.997485121809322,[0.98223404 0.98024467],"(0.48909731146431035, 0.5105801517467918, 0.5112256330793259)"
image_07587.jpg,"(500, 661)",9,143.51237080000098,0.0,51.875811179168174,0.9971159082203384,[0.97578545 0.97434339],"(0.4873664204645065, 0.5123501541220261, 0.512917318696996)"
image_07586.jpg,"(500, 667)",8,77.01586150000003,0.0,51.939838998862726,0.9978918564610773,[0.97037532 0.96885277],"(0.48301107051428793, 0.5167171997766306, 0.5172609451379923)"
image_07585.jpg,"(500, 667)",9,81.84039189999929,0.0,52.02723519538044,0.9969919561550684,[0.96673387 0.96601617],"(0.47924942337592336, 0.5207605505270976, 0.5207406031031003)"
image_07584.jpg,"(500, 667)",9,90.36109570000008,0.0,52.01244037621191,0.9973026032068244,[0.96843536 0.96812301],"(0.482097639938039, 0.5178998871503877, 0.5179048329971501)"
image_07583.jpg,"(500, 667)",8,76.80879450000066,0.0,51.777473615473106,0.9971865157559752,[0.98230642 0.98080711],"(0.4904517046745843, 0.5093241937061153, 0.5097725942400476)"
image_07582.jpg,"(501, 632)",8,67.79353179999998,0.0,51.971037945109785,0.9984602371935248,[0.97023965 0.96994018],"(0.4778980585053576, 0.5220614548904119, 0.5221424343789467)"
image_07581.jpg,"(500, 667)",9,97.41674070000043,0.0,52.00134549352501,0.9977025755365744,[0.97030164 0.96841325],"(0.47941278629200135, 0.5203739565151038, 0.520800645764663)"
image_07580.jpg,"(500, 711)",9,105.17696360000082,0.0,51.84845241486649,0.9972364023469734,[0.97629516 0.96768117],"(0.48260986135680095, 0.5140874889147257, 0.5207354971382302)"
image_07579.jpg,"(500, 667)",8,92.22069919999922,0.0,52.671003893540814,0.997266726141238,[0.91995108 0.91855022],"(0.4293598305259845, 0.5704328961740303, 0.57084759345899)"
image_07578.jpg,"(500, 667)",9,77.07475990000056,0.0,51.79191154996765,0.9979471819801644,[0.97880624 0.96024964],"(0.47908350282864676, 0.5111434557873262, 0.5310705436372518)"
image_07577.jpg,"(500, 667)",8,101.96535120000044,0.0,52.43066337237968,0.9976080009164232,[0.92670899 0.93144678],"(0.44250473938420065, 0.5582500944041208, 0.5567424653570839)"
image_07576.jpg,"(700, 500)",9,73.8382991999988,0.0,51.717649257334614,0.9981114732956194,[0.98325346 0.98238865],"(0.49069187490443067, 0.509038955501721, 0.5095775795029905)"
image_07575.jpg,"(500, 667)",9,116.76233729999876,0.0,53.38628185891349,0.9983368984705814,[0.76614577 0.7701052 ],"(0.1121631867219911, 0.8864994247998965, 0.8891782430680348)"
image_07574.jpg,"(508, 500)",9,67.31168350000007,0.0,52.06018140753413,0.9977588442027808,[0.96530299 0.96560768],"(0.4797684623070392, 0.5202385454833496, 0.520224530091364)"
image_07573.jpg,"(500, 667)",9,92.68857769999886,0.0,52.08019349879746,0.9971980429701249,[0.96354792 0.96290784],"(0.47543214912165443, 0.5244535701100346, 0.5246821814620882)"
image_07572.jpg,"(501, 667)",10,118.30429820000064,0.0,51.84835102257373,0.997802177057362,[0.96948107 0.95786915],"(0.4797345892470146, 0.5160311744276433, 0.524569709073326)"
image_07571.jpg,"(500, 667)",9,114.28537420000065,0.0,51.845367225351474,0.99743197603322,[0.98058514 0.68697541],"(0.3402790451455515, 0.5091823709434172, 0.93663487867283)"
image_07570.jpg,"(500, 667)",9,110.58933230000002,0.0,51.883051814987624,0.997049301243132,[0.97752044 0.9748986 ],"(0.48652769425620845, 0.512722160244553, 0.5142246494814252)"
image_07569.jpg,"(500, 667)",9,127.512750599999,0.0,52.708355428392686,0.996779373591598,[0.90435691 0.90673929],"(0.3951612446730366, 0.6059564206719458, 0.6037252053802565)"
image_07568.jpg,"(500, 667)",10,141.50186489999942,0.0,52.13305276256043,0.9969403800081316,[0.95656174 0.9527752 ],"(0.47639765786081567, 0.5222636347128764, 0.5249479301637489)"
image_07567.jpg,"(500, 669)",9,84.83566699999938,0.0,52.131450973873555,0.9973626657948648,[0.96228205 0.9588871 ],"(0.47447411871247236, 0.5250438609614163, 0.5260087874714229)"
image_07566.jpg,"(500, 667)",9,94.71728970000004,0.0,52.07263448194106,0.9973342328044614,[0.96068865 0.96021717],"(0.48024398506685495, 0.5196369991103437, 0.5198750852863632)"
image_07565.jpg,"(500, 667)",9,80.00803570000063,0.0,51.9382741090276,0.9980371453526752,[0.97072653 0.96581707],"(0.4812272591697909, 0.5179495292501637, 0.5195985733455359)"
image_07564.jpg,"(500, 667)",9,86.92639249999957,0.0,52.56785094784935,0.9980820270581984,[0.92675987 0.92442362],"(0.43548714795160004, 0.564554452369296, 0.5644712578578572)"
image_07563.jpg,"(500, 673)",9,63.34129320000102,0.0,52.02670169654809,0.9980280971745472,[0.96776919 0.96723513],"(0.4796162658052686, 0.5203494663572181, 0.5204180065459882)"
image_07562.jpg,"(501, 550)",9,66.73437099999865,0.0,52.10138648938839,0.998296398562856,[0.96191512 0.96202649],"(0.4756718205852525, 0.5243554230048655, 0.5243009386554373)"
image_07561.jpg,"(501, 561)",9,66.01234399999886,0.0,51.97932430319383,0.9979993259131902,[0.96943565 0.96852904],"(0.4827961583196062, 0.5172196337912912, 0.5171880505338184)"
image_07560.jpg,"(500, 667)",8,79.81872440000006,0.0,52.43448538427107,0.9977108324399172,[0.93478251 0.93220497],"(0.4530118712472154, 0.5459976258156609, 0.5479822319953986)"
image_07559.jpg,"(500, 667)",10,109.11746660000065,0.0,52.09541600722274,0.9971950509741742,[0.95886533 0.95519808],"(0.47093390923781986, 0.5283345236738175, 0.5297996866125051)"
image_07558.jpg,"(616, 500)",9,57.08031779999874,0.0,51.89455220613664,0.998105592118629,[0.97311482 0.97212619],"(0.4825008397709982, 0.5173692720268924, 0.5176291136656839)"
image_07557.jpg,"(500, 752)",9,137.3347730000005,0.0,52.1217694673989,0.9969095903116628,[0.96290032 0.96003623],"(0.4813502631321356, 0.5180565758315977, 0.519244257768442)"
image_07556.jpg,"(500, 618)",8,77.45577779999985,0.0,52.025649040350906,0.9979628667341162,[0.97030616 0.96933821],"(0.482779350973068, 0.516982224515595, 0.5174592935554134)"
image_07555.jpg,"(500, 667)",9,85.70045969999956,0.0,52.04438873761739,0.9976799063645851,[0.96446101 0.96220033],"(0.48082120144037843, 0.5188144914363709, 0.5195436176691114)"
image_07554.jpg,"(500, 539)",8,60.773864000000685,0.0,52.005245297898114,0.9978054194435096,[0.9710747  0.96499293],"(0.4802841573204595, 0.5177720703270824, 0.5216742642901839)"
image_07553.jpg,"(500, 667)",9,85.53971780000029,0.0,52.08232791010882,0.9982803277128408,[0.95142465 0.94854851],"(0.4681766389852914, 0.530754536654253, 0.5328964988217495)"
image_07552.jpg,"(500, 562)",9,74.16419429999951,0.0,52.10198152581143,0.997962584707965,[0.96079235 0.9613469 ],"(0.47705658157063346, 0.523013007358527, 0.5228738480159018)"
image_07551.jpg,"(500, 667)",8,72.69878570000037,0.0,51.94945980223898,0.9980169228651209,[0.96956771 0.96711993],"(0.47873634834240353, 0.5205486938714908, 0.5219805760903448)"
image_07550.jpg,"(500, 667)",9,99.07212270000127,0.0,52.04057453971055,0.9977362379077234,[0.97054391 0.96971144],"(0.48054053838022115, 0.5193007759311884, 0.5196182443189885)"
image_07549.jpg,"(500, 685)",9,120.94187860000055,0.0,51.97187112543777,0.9980027083050292,[0.97132229 0.9718494 ],"(0.48275086529267, 0.5173103983760147, 0.5171878855475076)"
image_07548.jpg,"(655, 500)",8,68.2337598999984,0.0,52.122454137440435,0.997943677538258,[0.95700917 0.95946266],"(0.4731164464813983, 0.5274735302778731, 0.5262948950574964)"
image_07547.jpg,"(500, 627)",8,80.1293722999999,0.0,51.99105421391738,0.9974935712717716,[0.96904477 0.96049152],"(0.47804548989101603, 0.5204856088068881, 0.5234317258680294)"
image_07546.jpg,"(500, 667)",8,74.99091829999998,0.0,52.08844589740457,0.9972930405943414,[0.96365622 0.96384883],"(0.4814455818947745, 0.5182154567683627, 0.5188938231571011)"
image_07545.jpg,"(500, 550)",9,86.31481419999909,0.0,52.2482699412115,0.99753151414663,[0.93926108 0.93946993],"(0.46412531125054446, 0.5364572318405328, 0.5352934094621736)"
image_07544.jpg,"(500, 667)",8,73.1810561000002,0.0,52.03679569871967,0.9976132644226496,[0.96847537 0.96712407],"(0.4809969185823786, 0.5188831052171355, 0.5191231131127554)"
image_07543.jpg,"(500, 667)",9,111.68018140000095,0.0,52.011549195822155,0.9969034490951624,[0.96781838 0.9553466 ],"(0.4767318134336721, 0.5188367355505583, 0.5277759888898913)"
image_07542.jpg,"(500, 667)",9,109.87349580000046,0.0,52.26199647009067,0.997439545447546,[0.95071131 0.9489206 ],"(0.4684514521881876, 0.5308573447615484, 0.5322415531712739)"
image_07541.jpg,"(501, 667)",9,116.65743269999984,0.0,52.577287877786524,0.9979128774817448,[0.91106716 0.91175946],"(0.4083666587674444, 0.5921949912656405, 0.5910727555511378)"
image_07540.jpg,"(500, 687)",9,94.23123529999977,0.0,52.169203963083156,0.9972288372302378,[0.96180458 0.96129951],"(0.4760766976805576, 0.5238208177192691, 0.5240258270293184)"
image_07539.jpg,"(500, 550)",8,72.54842250000002,0.0,52.14094977480174,0.9980814240755902,[0.95472296 0.9540643 ],"(0.47601897792122594, 0.5238888287860265, 0.5240732478253508)"
image_07538.jpg,"(500, 612)",9,81.2135507999992,0.0,52.780884048092396,0.9972053872605172,[0.89823956 0.89986511],"(0.4265789916063232, 0.5740514111654518, 0.5727919886747321)"
image_07537.jpg,"(500, 667)",9,93.39437859999998,0.0,52.734701484775584,0.9972061341395582,[0.91013477 0.90955103],"(0.41510969348215654, 0.5839780893542059, 0.5858053780421744)"
image_07536.jpg,"(667, 501)",9,71.173523200001,0.0,51.82051202603131,0.9975408152635236,[0.9791235  0.97874713],"(0.48615814701973015, 0.5137306084233474, 0.5139531457259963)"
image_07535.jpg,"(500, 667)",8,64.89867810000032,0.0,52.03410767832086,0.997653811221391,[0.96888182 0.96678805],"(0.47923403513979046, 0.5204455395289431, 0.5210867849903048)"
image_07534.jpg,"(501, 702)",8,14134.797005,0.0,51.98096906658779,0.9973029950190028,[0.97136068 0.96804908],"(0.4842699885547348, 0.5153094432705037, 0.516151266671537)"
image_07533.jpg,"(500, 670)",9,96.7409482,0.0,51.99800360763983,0.9971446838501118,[0.9710048  0.96994399],"(0.4797480689116622, 0.5199162886382905, 0.5205880071798423)"
image_07532.jpg,"(500, 667)",9,78.8788698,0.0,51.991482475964695,0.9972184024956349,[0.97271    0.97094031],"(0.48256282221353697, 0.5171644298482523, 0.5177102135661709)"
image_07531.jpg,"(501, 648)",9,104.18629959999998,0.0,52.24381133076,0.9974273485532936,[0.94557579 0.94715186],"(0.4601295579253607, 0.5400383466495108, 0.539702641874518)"
image_07530.jpg,"(500, 750)",8,76.0573708,0.0,53.35507674590811,0.9970001525066977,[0.82803782 0.83905663],"(0.32064500222367553, 0.6729896721840611, 0.6858418831949059)"
image_07529.jpg,"(500, 504)",9,58.42150190000001,0.0,51.99490201791897,0.9976661819096682,[0.96622841 0.96364303],"(0.4846955985784325, 0.514472445987371, 0.5161390519308496)"
image_07528.jpg,"(500, 585)",9,96.4869152,0.0,52.018019848880115,0.9968491354329928,[0.96408914 0.9613094 ],"(0.4849908221480306, 0.5139522916901028, 0.5160704197103273)"
image_07527.jpg,"(500, 598)",9,83.60457600000007,0.0,52.336256101197904,0.9971626552335268,[0.94744669 0.94615576],"(0.46641800260047317, 0.5332770160356208, 0.5338873278010045)"
image_07526.jpg,"(500, 697)",9,76.4791477,0.0,52.07807784706469,0.9979342065467919,[0.96523091 0.96558104],"(0.4777880208258355, 0.5222991790217909, 0.5221248084383747)"
image_07525.jpg,"(500, 649)",8,78.538457,0.0,52.11921343642787,0.9983234750601433,[0.96022871 0.96038749],"(0.47357799557508784, 0.5264737593047791, 0.5263702597195477)"
image_07524.jpg,"(501, 513)",8,61.1194898,0.0,52.11448093506769,0.9982272111509772,[0.9622133  0.95950365],"(0.47623250485936985, 0.5230307348174397, 0.5245063340471485)"
image_07523.jpg,"(500, 581)",9,82.18892529999994,0.0,52.63279658989973,0.9972831896519395,[0.9134783  0.90897016],"(0.44073303862866686, 0.557768828095203, 0.5607731641119664)"
image_07522.jpg,"(500, 638)",9,75.97089620000008,0.0,52.040951730873104,0.9976493757588406,[0.95943733 0.95464857],"(0.478525467768563, 0.5204831947526474, 0.5224696532151385)"
image_07521.jpg,"(500, 667)",9,121.12909649999995,0.0,53.76557721893828,0.9984457690778248,[0.70324756 0.7090895 ],"(0.4264969350716351, 0.5734888465765104, 0.5735172839852603)"
image_07520.jpg,"(500, 667)",9,149.67971280000006,0.0,52.037403934121684,0.9970185308867269,[0.9635503  0.95894093],"(0.47314757687728426, 0.5254244809590141, 0.5282881478524151)"
image_07519.jpg,"(500, 573)",9,75.86129720000008,0.0,52.70830821934511,0.9975468650272732,[0.91512868 0.91694132],"(0.43113385488769296, 0.569435546586977, 0.5682978812349173)"
image_07518.jpg,"(500, 667)",9,100.3529747,0.0,52.08368671822492,0.9973023847065192,[0.9654498  0.96455584],"(0.4783765530809442, 0.5213600951091918, 0.5218870649143321)"
image_07517.jpg,"(500, 676)",9,72.61458160000007,0.0,51.89164660376099,0.9979509743531642,[0.97504291 0.97416181],"(0.482702880378841, 0.5171460217954653, 0.5174483057670733)"
image_07516.jpg,"(500, 574)",9,61.78436190000002,0.0,51.94194420154658,0.9976454097585851,[0.97281016 0.97208565],"(0.4852371624253936, 0.5147440737891132, 0.5147816027281288)"
image_07515.jpg,"(500, 605)",9,85.83103649999998,0.0,51.86070184895647,0.997809201954066,[0.97333898 0.97217965],"(0.4836015137253552, 0.5161434354172079, 0.5166537893220585)"
image_07514.jpg,"(500, 563)",10,114.51831959999981,0.0,52.06844133615712,0.9971207975757967,[0.96843933 0.95408981],"(0.4664688758251292, 0.5249289162718495, 0.5424199644740375)"
image_07513.jpg,"(500, 737)",9,91.15353370000003,0.0,52.04058227752778,0.9972137444125513,[0.96604476 0.95990019],"(0.4777462494842212, 0.5205281964161363, 0.5239907831111262)"
image_07512.jpg,"(500, 667)",8,67.63489460000005,0.0,51.98107293265124,0.9972672680672656,[0.97131483 0.97027931],"(0.4845791955551013, 0.5153589770520152, 0.5154826466743732)"
image_07511.jpg,"(500, 667)",9,105.12449749999996,0.0,52.688374805161004,0.9978608569535088,[0.88583594 0.89225946],"(0.45015359740432503, 0.5508256660748095, 0.5488706148265611)"
image_07510.jpg,"(500, 667)",8,85.59462630000007,0.0,52.15092600087627,0.9973204556288001,[0.96388804 0.96005873],"(0.47319545212732583, 0.5262078793164394, 0.5274025710931883)"
image_07509.jpg,"(500, 682)",9,90.0203203000001,0.0,51.79330621674797,0.9975578945892186,[0.97968843 0.95478608],"(0.47364141360885215, 0.5111848298717061, 0.5424607209218112)"
image_07508.jpg,"(500, 667)",8,87.78916809999964,0.0,52.07615392561158,0.9982387320563991,[0.96484915 0.96206275],"(0.4769608477265518, 0.5226571204231814, 0.5234217430182048)"
image_07507.jpg,"(500, 667)",9,118.19743470000003,0.0,52.36910027088562,0.9971585637299837,[0.94607001 0.94008883],"(0.44942219479752543, 0.548073257645938, 0.5531053480604167)"
image_07506.jpg,"(500, 667)",8,79.33096419999993,0.0,52.04483768709328,0.997177973354716,[0.96864663 0.96758879],"(0.4773516521286938, 0.5223699684957765, 0.5229270241107515)"
image_07505.jpg,"(500, 667)",9,75.08710169999995,0.0,52.269994000873446,0.99773187789502,[0.94473411 0.943154  ],"(0.47268272954421675, 0.5268705097438106, 0.5277647894737179)"
image_07504.jpg,"(537, 500)",8,63.113208600000235,0.0,51.84271088435476,0.9977275301637907,[0.9773031  0.91526423],"(0.4291899288235781, 0.5082057543131264, 0.6510054465980109)"
image_07503.jpg,"(500, 667)",8,89.10700399999996,0.0,52.645519005807266,0.9980046333212048,[0.88714732 0.88368325],"(0.45890693028697704, 0.5396241684134993, 0.5425699897802132)"
image_07502.jpg,"(500, 667)",8,71.83328949999986,0.0,52.060194014664596,0.9978043473672584,[0.96404589 0.96163215],"(0.47772706425455636, 0.5217627804155249, 0.5227840896639474)"
image_07501.jpg,"(501, 667)",8,77.81109209999977,0.0,51.96287690481743,0.9982058426696601,[0.96690787 0.96507802],"(0.4791583309074995, 0.5205059361854123, 0.521177835383063)"
image_07500.jpg,"(500, 639)",9,62.92520000000013,0.0,52.10585613093052,0.9988460528181905,[0.95205676 0.95314832],"(0.4747868974542775, 0.5253304021745623, 0.5250958552882333)"
image_07499.jpg,"(500, 667)",9,75.84115849999989,0.0,52.167817273337114,0.9976073124694147,[0.95877772 0.95743891],"(0.47577854708734746, 0.5239565712197356, 0.5244866025583083)"
image_07498.jpg,"(500, 667)",9,81.00205050000022,0.0,52.09580536641006,0.9978402611317254,[0.96590219 0.96609671],"(0.47954008362421274, 0.5204281871842782, 0.5204916494364294)"
image_07497.jpg,"(501, 667)",8,93.16576049999958,0.0,52.385109453964425,0.9981432961965148,[0.92649574 0.92782228],"(0.4491546925805254, 0.5510203547189453, 0.5506703713021976)"
image_07496.jpg,"(500, 667)",9,88.1016023000002,0.0,52.199903373421634,0.9971621206373382,[0.95823254 0.95562256],"(0.4756599825123349, 0.5236396573571754, 0.525042253569398)"
image_07495.jpg,"(500, 520)",9,57.843106499999976,0.0,52.16364875873218,0.9979818601830581,[0.96348509 0.96303645],"(0.4776522905914251, 0.5224382844860856, 0.5222571657316061)"
image_07494.jpg,"(500, 667)",9,107.95403239999996,0.0,52.22229506099707,0.9976542414437322,[0.95773257 0.952174  ],"(0.46850073893963085, 0.5294549978383595, 0.533559371559829)"
image_07493.jpg,"(501, 667)",8,68.35179990000006,0.0,52.08706052071334,0.9982793106296195,[0.96039896 0.95874143],"(0.4775959304849954, 0.521800143917109, 0.5230093946860934)"
image_07492.jpg,"(501, 667)",8,64.2498856999996,0.0,52.02184976938736,0.9976151255152441,[0.96879246 0.96852134],"(0.4799269510817604, 0.5201194844013537, 0.5200266217257651)"
image_07491.jpg,"(701, 500)",9,75.51093850000007,0.0,51.91658113074598,0.9974400590008743,[0.97201814 0.9701185 ],"(0.48094742696419157, 0.5185774547795317, 0.5195285626927393)"
image_07490.jpg,"(500, 667)",9,79.8128856000003,0.0,52.088219151524584,0.9974590827179284,[0.96635131 0.96568446],"(0.4785989977300421, 0.5212266733645775, 0.5215754478260647)"
image_07489.jpg,"(500, 747)",9,106.50636609999992,0.0,51.957936347020194,0.9973511982562867,[0.97178576 0.97121003],"(0.4843388031841048, 0.5158371408574496, 0.5154853727569795)"
image_07488.jpg,"(500, 674)",9,77.17061240000021,0.0,52.07254388192683,0.9981070827321425,[0.96301472 0.96312381],"(0.47752086800604454, 0.522449648755793, 0.5225086185599425)"
image_07487.jpg,"(500, 648)",8,102.27500939999982,0.0,52.83894074975832,0.9977359585655461,[0.87400623 0.84770919],"(0.3920586799622664, 0.5848662096021451, 0.6329120130925716)"
image_07486.jpg,"(500, 572)",8,74.48399619999964,0.0,52.59473129293889,0.9979378199682094,[0.90399918 0.89524631],"(0.28845067198415353, 0.7012771895256577, 0.7221268675418265)"
image_07485.jpg,"(631, 500)",9,125.91720470000018,0.0,51.6422106571628,0.9972555243422518,[0.98575288 0.97997325],"(0.4898540224474509, 0.5085726495736396, 0.5117290702819178)"
image_07484.jpg,"(500, 667)",9,143.83489030000055,0.0,51.78266332894133,0.9972038854546172,[0.98238049 0.97883383],"(0.48807144439273786, 0.5102304957997459, 0.5136379555256773)"
image_07483.jpg,"(502, 500)",9,74.25942759999998,0.0,51.94565554119891,0.9974220626705593,[0.97439715 0.97297976],"(0.4847431814802101, 0.5149340664057037, 0.5155799754789475)"
image_07482.jpg,"(500, 667)",9,89.2450902999999,0.0,51.86516854978016,0.997725401856083,[0.97435554 0.97102982],"(0.48365398749510524, 0.5157178441541606, 0.5169757129984595)"
image_07481.jpg,"(500, 667)",9,98.30378089999977,0.0,52.17521345576384,0.9970959992983769,[0.95717159 0.95368438],"(0.46877599838439943, 0.5303601860762929, 0.5320906355964596)"
image_07480.jpg,"(500, 649)",9,128.23767129999942,0.0,53.61868897623067,0.9983032140525739,[0.7684899  0.77756303],"(0.2288376719275137, 0.7729189703359165, 0.7694136524779213)"
image_07479.jpg,"(500, 687)",9,97.71226800000022,0.0,51.822277985808995,0.9973766554104601,[0.98001617 0.97921746],"(0.48844663131882704, 0.5113897421443507, 0.5117170999608585)"
image_07478.jpg,"(661, 500)",10,87.81692459999977,0.0,51.780378975905,0.9972467972737377,[0.98182604 0.97919043],"(0.4882524222405108, 0.5109147659593394, 0.5125831090265358)"
image_07477.jpg,"(500, 506)",9,81.0842991999998,0.0,51.99305369592699,0.9976754540506861,[0.97243677 0.9724795 ],"(0.4841531609228491, 0.51588402734389, 0.5158096561715683)"
image_07476.jpg,"(500, 541)",8,63.47448259999965,0.0,52.145345937205256,0.9979428723081829,[0.95817001 0.95817687],"(0.475601519474659, 0.5243196275746453, 0.5244773571971516)"
image_07475.jpg,"(667, 500)",9,62.822366799999145,0.0,51.76236226061974,0.9972440362722589,[0.98238586 0.98138144],"(0.48987315390066655, 0.5099380847404169, 0.5103157472557898)"
image_07474.jpg,"(587, 500)",8,61.23525620000055,0.0,52.08195931839466,0.997734134086835,[0.96237371 0.96208262],"(0.4783412254528151, 0.5215505125829495, 0.52176708146617)"
image_07473.jpg,"(500, 750)",8,84.96703209999941,0.0,52.8217406801359,0.9974829476350425,[0.91754833 0.91567586],"(0.4421075699975956, 0.5575104340387566, 0.5582749497982828)"
image_07472.jpg,"(500, 667)",9,89.34949759999927,0.0,52.032220658172804,0.9976902994557537,[0.96693406 0.96542094],"(0.4812221769718933, 0.5185099546235301, 0.5190459683437412)"
image_07471.jpg,"(509, 500)",8,86.23911500000031,0.0,53.088218565414074,0.9977773944895576,[0.81008782 0.82091646],"(0.42743240924999304, 0.5737498785255604, 0.5713901654763837)"
image_07470.jpg,"(568, 500)",9,66.51470300000074,0.0,52.30313013230739,0.9975498964595604,[0.94690155 0.94799896],"(0.4706798250514994, 0.5293790565932336, 0.5292613064008576)"
image_07469.jpg,"(500, 610)",9,71.6342808999998,0.0,52.00991653527329,0.9978017507756982,[0.96589124 0.96474446],"(0.48277312122702365, 0.5169892224259732, 0.5174647537184046)"
image_07468.jpg,"(500, 667)",10,114.78213070000038,0.0,52.55311709022442,0.9972227412633273,[0.92509305 0.92153188],"(0.41311132452473776, 0.5851027491011799, 0.5886855377006328)"
image_07467.jpg,"(500, 750)",8,85.76015430000007,0.0,52.60415388797576,0.9974258989994261,[0.93571559 0.93506193],"(0.45566578934969704, 0.5440691241277624, 0.544599555614707)"
image_07466.jpg,"(500, 667)",9,137.95495739999933,0.0,51.922562607346414,0.9972152740041094,[0.97106382 0.96476514],"(0.48686368304588945, 0.5096498015841491, 0.5166708634229525)"
image_07465.jpg,"(644, 500)",9,59.14185159999943,0.0,51.72170131191749,0.998530251312193,[0.97989668 0.97884959],"(0.48682194386285715, 0.5130009034262029, 0.5133553312413337)"
image_07464.jpg,"(501, 753)",8,72.46613919999982,0.0,53.13848708140013,0.9981625453667287,[0.88589117 0.88445531],"(0.4233596691361886, 0.5758121799986865, 0.577470867304259)"
image_07463.jpg,"(669, 500)",10,80.17332000000079,0.0,52.00962016838241,0.9978542965340558,[0.96943782 0.97002208],"(0.48301199381659865, 0.517091294475949, 0.5168847591460088)"
image_07462.jpg,"(500, 667)",9,82.54570200000035,0.0,52.41844849843382,0.9984558363765216,[0.92459118 0.92722927],"(0.4434927573819325, 0.5571788006839146, 0.5558373014382857)"
image_07461.jpg,"(667, 500)",9,81.7077087000007,0.0,51.87767909906236,0.9978626554538872,[0.97525688 0.97415771],"(0.4857255940385895, 0.513990459799332, 0.5145586660203185)"
image_07460.jpg,"(500, 665)",9,80.28697439999996,0.0,52.37357879948503,0.9986329204164218,[0.94271222 0.94408205],"(0.46613053868370236, 0.5344207185770894, 0.5333193401320905)"
image_07459.jpg,"(627, 500)",9,63.4987674999993,0.0,51.87311850869154,0.9981972409259875,[0.9723222  0.97238235],"(0.48520630444873925, 0.5148918725567426, 0.5146955559784417)"
image_07458.jpg,"(667, 500)",9,74.17405609999969,0.0,52.04477354861238,0.9981709351139829,[0.9582173  0.96060673],"(0.47286214129846027, 0.5279124331181236, 0.5263655539285003)"
image_07457.jpg,"(500, 667)",9,79.49894419999964,0.0,52.05183446625382,0.9988090025157715,[0.95900541 0.95624009],"(0.4734572480261192, 0.5260286830567887, 0.527057826635987)"
image_07456.jpg,"(751, 500)",9,111.45475379999971,0.0,52.691808789463735,0.9984236829459129,[0.86805525 0.8650118 ],"(0.2607820903234296, 0.7302771296078293, 0.7483803271223513)"
image_07455.jpg,"(667, 500)",9,65.46013210000001,0.0,52.049265531390034,0.9985498059338275,[0.9567019  0.95735082],"(0.4757132269918348, 0.5242912028446315, 0.5242823432465552)"
image_07454.jpg,"(667, 501)",9,78.64970489999996,0.0,52.063178558580276,0.9982404305644959,[0.94962926 0.94850158],"(0.4790471558222945, 0.5208550073917076, 0.5210507177256998)"
image_07453.jpg,"(1066, 500)",9,99.48512409999967,0.0,52.04982012762042,0.9976740138774526,[0.95129058 0.95320368],"(0.48177153834634934, 0.5185030230451759, 0.5179541908836172)"
image_07452.jpg,"(501, 667)",8,56.73184620000029,0.0,52.15398735971843,0.9994328675958103,[0.94714052 0.94686175],"(0.4705201835435934, 0.529343436880093, 0.5296162663242576)"
image_07451.jpg,"(500, 667)",9,81.39504140000008,0.0,52.0308458886577,0.9987234119331422,[0.96141095 0.95680152],"(0.4784332423963359, 0.5206845010226892, 0.5224520090800363)"
image_07450.jpg,"(666, 500)",9,75.39766699999927,0.0,51.80389046786655,0.9980107071331696,[0.97675795 0.97630862],"(0.4854548857259361, 0.514372353015218, 0.5147179916218877)"
image_07449.jpg,"(501, 753)",8,93.08896289999939,0.0,52.65420820318588,0.9981489194616362,[0.92113726 0.92116691],"(0.4534806465373228, 0.5466073207200532, 0.5464314145144471)"
image_07448.jpg,"(500, 546)",9,56.28170069999942,0.0,52.11462047239202,0.9980456517106844,[0.9583482 0.9574798],"(0.47721404966123426, 0.5227075307361189, 0.5228643934748668)"
image_07447.jpg,"(750, 500)",10,151.10816799999975,0.0,51.92563987454441,0.997407593461142,[0.97410696 0.97328308],"(0.4812760132981747, 0.518392859152628, 0.5190555375420983)"
image_07446.jpg,"(501, 654)",8,94.58656059999976,0.0,54.747854583420875,0.999102103769427,[0.56947458 0.57035732],"(0.374902305768992, 0.6235085676579507, 0.6266949418663713)"
image_07445.jpg,"(500, 751)",8,69.89904480000041,0.0,55.61323907095471,0.9990767470180196,[0.53695554 0.54013135],"(0.1142284266907796, 0.8871085762254697, 0.884438594447657)"
image_07444.jpg,"(500, 506)",8,63.18138410000029,0.0,52.241778542798784,0.998354827356751,[0.94130416 0.94190401],"(0.4743247121580676, 0.5256478439126269, 0.5257027346370676)"
image_07443.jpg,"(753, 501)",9,92.79224559999966,0.0,51.95223697173074,0.9975549462848672,[0.97015176 0.97012413],"(0.48550714984351706, 0.5141418658937366, 0.5148443139526624)"
image_07442.jpg,"(667, 500)",9,87.65094709999994,0.0,52.358366761452835,0.9975810046933785,[0.9415263 0.9386091],"(0.4678757283163786, 0.5309937025165625, 0.5332596654423949)"
image_07441.jpg,"(638, 500)",9,104.53903889999947,0.0,51.78539920141186,0.9977573010429514,[0.98053401 0.97955636],"(0.4879639242748921, 0.5116357165165157, 0.5124370619932084)"
image_07440.jpg,"(667, 501)",10,97.59244299999955,0.0,51.57859941900544,0.9981022585030797,[0.98553515 0.98415287],"(0.49066432256117054, 0.5089706374378541, 0.5097012414379796)"
image_07439.jpg,"(500, 667)",8,92.60208330000023,0.0,52.12723116368143,0.997919187674379,[0.96036186 0.95958028],"(0.4747579312789506, 0.5250375688570175, 0.52544672795078)"
image_07438.jpg,"(500, 667)",8,71.4397613000001,0.0,52.05225206173522,0.9987130069914103,[0.9612431  0.96070005],"(0.47887330504858094, 0.5210836517324221, 0.5211697452820256)"
image_07437.jpg,"(667, 500)",9,66.25769350000155,0.0,51.82135864951394,0.9985852921564277,[0.97568857 0.95992001],"(0.476827497702901, 0.5148086805628002, 0.5318125772612754)"
image_07436.jpg,"(500, 667)",8,88.17539109999962,0.0,52.08113121699702,0.9977687976711965,[0.96288286 0.88091235],"(0.41059617194819353, 0.5109547393414497, 0.6963115485072302)"
image_07435.jpg,"(667, 500)",9,73.7714834999988,0.0,52.164420573126684,0.9987096127443409,[0.94390656 0.94624935],"(0.4649024699821489, 0.5355302698233054, 0.5346654890059175)"
image_07434.jpg,"(667, 500)",9,76.69976870000028,0.0,51.72746455819006,0.9979069652661751,[0.98316451 0.98235673],"(0.48971395208949964, 0.5102463621224189, 0.5103257398724006)"
image_07433.jpg,"(500, 751)",8,70.29407480000009,0.0,53.736404340912756,0.9979806546860029,[0.82930757 0.83012977],"(0.3509766632181116, 0.6492409184457563, 0.6488059009064903)"
image_07432.jpg,"(671, 500)",9,96.26224329999968,0.0,51.94366824302891,0.9982154570506462,[0.97193213 0.97236337],"(0.4823227789318335, 0.5178068469382072, 0.5175476600820142)"
image_07431.jpg,"(500, 755)",9,109.41471309999906,0.0,51.926092324337304,0.9976149496373746,[0.97606777 0.9730518 ],"(0.4839611415114917, 0.5148329645212685, 0.5172504148530149)"
image_07430.jpg,"(667, 500)",10,94.63825850000103,0.0,52.29135908897274,0.9987137946511201,[0.89581026 0.88817248],"(0.46013585085518915, 0.5342083434252151, 0.5456409953894478)"
image_07429.jpg,"(500, 667)",9,119.37389350000012,0.0,53.74555802505324,0.9989023897985768,[0.70791282 0.71707105],"(0.33234407103731733, 0.6681848709834685, 0.6671278237113966)"
image_07428.jpg,"(500, 667)",9,86.85096669999984,0.0,51.96570993407558,0.9977606515333552,[0.9698168  0.96918497],"(0.4839510206981844, 0.51584629164253, 0.5162518263048298)"
image_07427.jpg,"(500, 667)",9,73.66609609999978,0.0,52.11789367037797,0.9987573814561158,[0.95933502 0.9562523 ],"(0.4748639910712812, 0.5248055226838412, 0.5254669116706665)"
image_07426.jpg,"(501, 523)",9,81.25954679999995,0.0,51.894195033813155,0.9972732950779895,[0.97947433 0.96623193],"(0.48572864470513066, 0.5108575406387542, 0.5177311026521277)"
image_07425.jpg,"(604, 500)",9,65.82505689999925,0.0,51.901119255931356,0.9984721918249075,[0.97120357 0.97021259],"(0.48284146815711093, 0.516964346595915, 0.5173528630267339)"
image_07424.jpg,"(500, 667)",8,78.30008330000055,0.0,52.15862264391567,0.9984009680580298,[0.95710957 0.95664701],"(0.47788834169199135, 0.5220676424276112, 0.5221556816110501)"
image_07423.jpg,"(667, 500)",9,60.65371239999877,0.0,51.843101207908155,0.9990503195274156,[0.9711383 0.9613101],"(0.47896104978659604, 0.5174288818159533, 0.5246997469746045)"
